Date,Open,High,Low,Close,Shares Traded,Turnover (Rs. Cr)
01-Jan-13,4761.8,4792.9,4761.8,4786.2,463144326,7288.59
02-Jan-13,4804.15,4830.9,4804.15,4818.9,613767891,10643.17
03-Jan-13,4831.65,4839.85,4814.8,4835.7,640778644,11247.72
04-Jan-13,4837.15,4846.35,4816.55,4844,743342265,11463.24
07-Jan-13,4858.65,4861.35,4823.9,4831.45,742363616,11335.42
08-Jan-13,4828.7,4840.75,4811.25,4837.95,628814618,10856.37
09-Jan-13,4840.65,4857.75,4808.05,4815.75,821766995,12619.55
10-Jan-13,4831.25,4843.15,4792.65,4809.2,766587245,11788.72
11-Jan-13,4833.6,4836,4770.55,4778.15,644547668,13104.63
14-Jan-13,4787,4843.6,4779.8,4836.7,574456297,12002.68
15-Jan-13,4844.35,4867.8,4833.6,4858.9,600713885,12298.08
16-Jan-13,4854.7,4860.75,4801.05,4807.55,601240983,12057.04
17-Jan-13,4807.3,4842.1,4803.8,4831.35,584896236,12932.99
18-Jan-13,4842.85,4861.7,4834.4,4844.05,622166307,14155
21-Jan-13,4855.9,4862.3,4845.4,4856,531437438,11003.13
22-Jan-13,4854.9,4872.7,4817.6,4822.35,581198658,11811.53
23-Jan-13,4824.95,4841.35,4786.8,4814.8,681086961,12062.1
24-Jan-13,4809.95,4820.95,4758.25,4763.85,889680966,14235.39
25-Jan-13,4766.9,4819.5,4757.85,4816.45,819234194,12365.51
28-Jan-13,4820.7,4831.05,4808.8,4818.3,544113756,10379.8
29-Jan-13,4812.7,4845.7,4790.9,4794.8,727496523,14347.42
30-Jan-13,4803.35,4814.75,4788.85,4797.15,611815741,11513.15
31-Jan-13,4791.5,4803.65,4784.2,4795.3,918873976,15422.73
01-Feb-13,4798.9,4814.5,4769.1,4775.9,672545141,11470.83
04-Feb-13,4790.7,4802.7,4755.55,4759.25,583134307,10892.93
05-Feb-13,4737.4,4743.5,4723.15,4733.6,564375371,10390.74
06-Feb-13,4751.15,4761.4,4734.55,4738.1,596189475,10924.73
07-Feb-13,4725.2,4753.9,4705.9,4713.25,568309551,10573.58
08-Feb-13,4707.9,4721,4668.9,4682.55,597349441,11844.86
11-Feb-13,4691.85,4692.25,4668.8,4677.85,423362594,8787.35
12-Feb-13,4675.9,4693.2,4659.85,4690.3,669280126,9414.29
13-Feb-13,4701.85,4726.5,4682.9,4688.45,574689290,10461.26
14-Feb-13,4688.5,4693,4642.3,4650.35,648543851,12160.78
15-Feb-13,4634.8,4653.85,4616.9,4647.25,564577554,9515.72
18-Feb-13,4647.95,4669,4646.55,4659.6,419459135,7542.61
19-Feb-13,4660.75,4701.75,4652.1,4697.1,467442574,7616.9
20-Feb-13,4712,4718.1,4696,4698.35,589626136,9536.28
21-Feb-13,4679.4,4679.4,4617.2,4621.75,559255429,12705.38
22-Feb-13,4613.75,4640.45,4607.9,4621.8,486078552,9353.8
25-Feb-13,4633.4,4638.25,4590.5,4611.65,567835737,9163.37
26-Feb-13,4602.25,4602.25,4529.2,4537.1,538534011,9859.41
27-Feb-13,4550.45,4583.25,4527.3,4568.2,697288854,11380.72
28-Feb-13,4589.25,4608.5,4464.7,4477.5,1324765922,21223.11
01-Mar-13,4483,4515.75,4475.3,4499.75,670128620,11664.78
04-Mar-13,4491.35,4491.35,4450.6,4470.15,779974842,9878.54
05-Mar-13,4483.65,4542.5,4483.65,4539,662436703,10312.21
06-Mar-13,4557.1,4581.1,4555.25,4570.45,641064898,10578.72
07-Mar-13,4560.8,4608.35,4560.8,4601.55,513784231,9445.67
08-Mar-13,4613,4664.35,4613,4660.65,572770298,10642.2
11-Mar-13,4661,4682.7,4653.85,4661.25,487508823,9525.35
12-Mar-13,4662.65,4669.85,4622.5,4636.9,493675568,9110.25
13-Mar-13,4620.4,4620.4,4579.45,4585,495844749,8683.48
14-Mar-13,4582.15,4631.45,4540.4,4625.75,581968423,11334.56
15-Mar-13,4629.15,4655.85,4594.55,4598.2,615887464,11785.33
18-Mar-13,4566.95,4583.2,4556,4572.65,416772557,8185.75
19-Mar-13,4586.1,4587.45,4492.2,4500.85,624037871,12655.94
20-Mar-13,4497.75,4500.15,4438,4446.05,740546421,11719.33
21-Mar-13,4452.65,4489.3,4407.45,4413.5,661077842,11591.11
22-Mar-13,4413.95,4431.75,4386.3,4404.5,607737983,9853.27
25-Mar-13,4436.1,4453.65,4382.5,4390.3,593864153,9527.23
26-Mar-13,4379,4400.55,4376.85,4394.6,488800196,8272.64
28-Mar-13,4397.85,4444.15,4370.15,4438.35,740669186,13485.04
01-Apr-13,4449.35,4471.2,4441.4,4465.6,437234665,6595.24
02-Apr-13,4460.9,4511.2,4459.35,4508.8,515164915,8259.05
03-Apr-13,4504,4515.3,4442.05,4457.2,631450536,9859.53
04-Apr-13,4433.2,4433.4,4373.25,4378.65,520184267,8678.93
05-Apr-13,4373.6,4386.5,4353.35,4366.65,497281859,9061.15
08-Apr-13,4365.65,4381.3,4358.5,4361.15,377216908,6566.47
09-Apr-13,4379.15,4404,4319.15,4323.4,474927172,8866.14
10-Apr-13,4349.1,4370.45,4305,4366.45,522235755,9106.15
11-Apr-13,4393.65,4397.8,4353.7,4388.05,486208423,9857.51
12-Apr-13,4343.65,4362.85,4335.6,4352.75,432386104,10541.43
15-Apr-13,4338.55,4395.7,4335.65,4376.05,469185445,10950.82
16-Apr-13,4368.65,4463.6,4368.65,4457.55,528401499,10144.58
17-Apr-13,4471.2,4496.25,4449.9,4461.75,588553853,12451.21
18-Apr-13,4457.7,4532.65,4457.7,4526.8,519364950,11087.09
22-Apr-13,4531.75,4581.05,4531.75,4574.4,593373532,10757
23-Apr-13,4581.05,4581.05,4540.6,4572.4,544324030,9451.9
25-Apr-13,4586.15,4628.25,4586.15,4624.3,678171060,14980.31
26-Apr-13,4615.95,4620.65,4583.95,4591.65,497774791,10732.18
29-Apr-13,4595.55,4628.15,4593,4620.9,470178715,9034.44
30-Apr-13,4640.05,4658.35,4595.2,4641.75,551857569,11563.15
02-May-13,4630.4,4706.4,4630.4,4695.05,562600174,12116.38
03-May-13,4692.1,4696.6,4651.05,4659.1,573313452,11336.71
06-May-13,4659.55,4688.3,4652.25,4685.6,467999582,8541.48
07-May-13,4694.7,4741.6,4694.7,4737.55,518889030,10108.59
08-May-13,4751.7,4760.85,4725.25,4754.45,524008420,9415.12
09-May-13,4760,4764,4731.1,4737.7,495415859,9505.2
10-May-13,4735.6,4774.4,4735.6,4769.2,451334686,9142.37
11-May-13,4765.1,4783.8,4765.1,4779.75,57038822,836.97
13-May-13,4773.9,4776.45,4684.35,4689.75,425934801,8009.17
14-May-13,4694.8,4721.5,4684.35,4702.5,407804938,8449.3
15-May-13,4718.55,4815.05,4718.55,4810.95,617235740,12256.21
16-May-13,4799.8,4844.9,4799.8,4830.25,596788586,11929.27
17-May-13,4832.75,4853.55,4814.55,4847.1,600740997,10898.96
20-May-13,4854.95,4877.65,4815,4821.95,517751037,10155.65
21-May-13,4819.05,4833.75,4780.3,4788.2,485135923,9638.97
22-May-13,4798.3,4814.05,4753.15,4766.85,478322366,10255.58
23-May-13,4737.3,4751.6,4659.85,4668.2,620703121,12940.27
24-May-13,4695.4,4699.9,4644.6,4685.6,485605889,10349.34
27-May-13,4690.45,4764.35,4684.4,4756.4,387208816,8871.24
28-May-13,4759,4789.25,4743.95,4777.05,440132376,9517.7
29-May-13,4781.75,4783.9,4745,4766.65,457012678,9091.83
30-May-13,4745.1,4777.7,4745.1,4774,623688138,13342.16
31-May-13,4759.2,4759.2,4675.8,4681.45,634656843,13305.22
03-Jun-13,4688.6,4693.65,4640.85,4659.3,452970666,9295.83
04-Jun-13,4662,4695.5,4645.15,4652.55,444446995,8986.94
05-Jun-13,4644.35,4663.25,4629.95,4656.5,442402779,8029.44
06-Jun-13,4634.55,4676.6,4619.05,4653.4,458826906,8681.32
07-Jun-13,4640.7,4687.8,4615.2,4621.1,459633378,8558.64
10-Jun-13,4638.75,4656.7,4590.55,4604.4,479486471,7854.23
11-Jun-13,4582.7,4593.95,4523.95,4529.85,603589439,10781.76
12-Jun-13,4516,4526,4487.8,4502.2,540303914,10710.23
13-Jun-13,4464.05,4478.05,4441.75,4447.4,504585345,9602.01
14-Jun-13,4480.85,4533.45,4480.85,4525.95,473273514,9051.66
17-Jun-13,4533.9,4560.25,4498.7,4557.5,430098635,8110.65
18-Jun-13,4553.05,4574.4,4534.45,4540.7,470609443,8354.82
19-Jun-13,4534.95,4556.45,4523.45,4552.7,441839326,8272.44
20-Jun-13,4504.65,4504.65,4424.45,4429.65,522559010,10586.03
21-Jun-13,4415.25,4446.8,4392.15,4420.15,606401247,10951.32
24-Jun-13,4400.8,4400.8,4331.7,4345.6,532405519,9709.74
25-Jun-13,4356.45,4389.2,4317.7,4350.1,630184264,11079.17
26-Jun-13,4365.5,4371.85,4330.1,4335.5,509314919,9406.63
27-Jun-13,4377,4400.55,4360.3,4393.9,677161821,13649.64
28-Jun-13,4441.35,4516.35,4441.35,4510.9,610394037,14042.68
01-Jul-13,4509.35,4574.55,4506.5,4572.05,550855369,9764.39
02-Jul-13,4564.65,4579.3,4539.55,4542.8,501373283,9416.4
03-Jul-13,4511.2,4511.2,4467.55,4473.35,515732397,9214.14
04-Jul-13,4490.55,4525.8,4482.8,4517.7,609349860,9830.15
05-Jul-13,4555.45,4566.6,4528.65,4535.8,426353502,7821.32
08-Jul-13,4511.15,4515.2,4470.6,4501.25,465418161,8580.87
09-Jul-13,4518.9,4542,4518.9,4539.95,467660444,8706.23
10-Jul-13,4548.6,4556.85,4504.05,4511.4,449904083,8581.54
11-Jul-13,4562.3,4600.15,4562.3,4586.45,430049554,8261.06
12-Jul-13,4626.05,4636.7,4595.35,4630.95,416783633,10001.67
15-Jul-13,4619.55,4659.2,4615.05,4655.7,491513328,8214.17
16-Jul-13,4586.15,4604.4,4573.55,4596.5,549743024,9991.87
17-Jul-13,4609.1,4623.55,4567.45,4597.7,641041143,13312.94
18-Jul-13,4606.15,4654.6,4601.4,4647.55,529156560,11951.54
19-Jul-13,4661.8,4662.2,4627.15,4632.75,498270797,11839.98
22-Jul-13,4618.65,4656.55,4618.65,4631.1,393750884,8401.21
23-Jul-13,4652.9,4673,4652.9,4660.75,446631853,9295.43
24-Jul-13,4629.4,4635.45,4570.2,4588.25,510324658,11195.69
25-Jul-13,4574.15,4585.45,4526.25,4531.8,688570828,13891.69
26-Jul-13,4552.1,4557.85,4491.65,4507.25,525522677,11102.38
29-Jul-13,4496.3,4500.2,4456.75,4459.9,463944315,8529.61
30-Jul-13,4462.5,4471.95,4386.65,4390.35,536961572,9785.7
31-Jul-13,4376.95,4383.35,4319.7,4379.65,724307725,14038.11
01-Aug-13,4402.7,4428.4,4322.25,4354,701539684,12462.87
02-Aug-13,4369.35,4376.8,4290.15,4314.95,666357410,11072.6
05-Aug-13,4320.15,4339.95,4299.45,4323.35,562802292,9387.66
06-Aug-13,4305.15,4305.15,4199.55,4214.15,617918538,10395.09
07-Aug-13,4217.8,4240.5,4184.85,4213.85,677807191,11997.84
08-Aug-13,4208.45,4255.3,4208.45,4250.35,551636280,10626.66
12-Aug-13,4279.1,4311.8,4249.55,4293.2,534679026,10793.72
13-Aug-13,4286.75,4363.7,4276.1,4360.65,585815376,11037.38
14-Aug-13,4372.5,4398.05,4362.45,4392.05,616227453,10982.87
16-Aug-13,4365.6,4368.25,4217.1,4224.3,631317873,13386.15
19-Aug-13,4214.55,4214.55,4114.85,4151.95,565562909,10727.08
20-Aug-13,4109.75,4149.05,4077.85,4138.4,627527414,11928.09
21-Aug-13,4202.25,4209.55,4048.55,4069.45,660888077,13153.85
22-Aug-13,4052.95,4142.7,4032.15,4136.1,651091263,13293.52
23-Aug-13,4152.05,4187.7,4124.75,4183.65,564174054,11627.54
26-Aug-13,4203.95,4228,4179.25,4194.5,538070771,9911.25
27-Aug-13,4163.3,4163.3,4054.7,4060.7,623450162,11750.83
28-Aug-13,4022.8,4067.3,3937.7,4047.7,731423032,15013.17
29-Aug-13,4068.5,4141.7,4062.9,4132.8,830816825,15480.54
30-Aug-13,4134.7,4187.35,4103.35,4175.85,724189635,16328.67
02-Sep-13,4182.65,4241.75,4182.65,4235.25,522952550,9369.34
03-Sep-13,4253.85,4256.2,4082.5,4092.9,591754990,11136.25
04-Sep-13,4104.1,4171,4084.7,4164.5,544347216,10868.9
05-Sep-13,4234.15,4282.35,4234.15,4264.05,685155442,14001.52
06-Sep-13,4281.6,4323.05,4248.7,4319.4,630434323,12993.9
10-Sep-13,4361.05,4467.2,4361.05,4463.55,644262600,14662.69
11-Sep-13,4458.9,4496.2,4434,4489.45,785155221,13442.12
12-Sep-13,4503.7,4504.85,4423.05,4445.95,774429178,12610.14
13-Sep-13,4433.1,4471,4430.6,4450.45,617934505,10690.93
16-Sep-13,4507.15,4517.3,4412.6,4440.9,607696184,11886.26
17-Sep-13,4429.95,4448.3,4414.6,4444.5,400306038,8553.78
18-Sep-13,4457.55,4487.55,4440.9,4478.35,418759586,8475.53
19-Sep-13,4576,4643,4576,4627.85,791378981,17350.4
20-Sep-13,4622.35,4636.85,4503.05,4560.1,867544889,17882.18
23-Sep-13,4516.3,4549.15,4471.55,4482,508956905,10640.12
24-Sep-13,4459.8,4515.35,4459.8,4484.1,497898648,10892.09
25-Sep-13,4490.05,4497.45,4432.65,4477.05,557068837,10830.76
26-Sep-13,4476.75,4503.25,4472.05,4482.3,605452681,11953.41
27-Sep-13,4497.65,4502.8,4448.8,4455.95,460650998,9172.43
30-Sep-13,4433.85,4434,4381.6,4392.05,420953347,8971.42
01-Oct-13,4405,4425.75,4367.15,4422.9,448828137,8639.69
03-Oct-13,4448,4517.15,4443.25,4512.65,551207897,11715.97
04-Oct-13,4499.35,4543.4,4499.1,4516.15,536091228,10111.2
07-Oct-13,4505.9,4524.95,4471.2,4522.8,430670903,8782.35
08-Oct-13,4569.15,4573.85,4528.25,4536.45,518950128,9920.09
09-Oct-13,4512.3,4596.75,4505.75,4592.45,585281390,11170.71
10-Oct-13,4589.8,4617,4582.85,4607.5,499752037,10013.24
11-Oct-13,4661.35,4661.35,4627.75,4651.8,548356069,11945.92
14-Oct-13,4651.45,4675.8,4649.55,4665.95,480822006,9332.53
15-Oct-13,4689.9,4696.75,4623.35,4639.5,585376032,10541.81
17-Oct-13,4646.45,4659,4604.9,4612.05,574115740,11679.72
18-Oct-13,4628.5,4713.4,4628.5,4706.9,590432109,11816.49
21-Oct-13,4715.55,4737,4703.15,4731,630433420,11467.58
22-Oct-13,4723.95,4749.05,4723.9,4738.35,687922994,10719.74
23-Oct-13,4746.1,4752.1,4680.5,4723.5,636990241,11300.02
24-Oct-13,4715.35,4773.8,4700.55,4713,633507947,11294.93
25-Oct-13,4705.35,4715.05,4684.2,4693.4,453650743,9046.72
28-Oct-13,4699.5,4710,4652.3,4656.85,436033418,8268.3
29-Oct-13,4660.4,4744.95,4640.05,4741.1,576422286,11850.64
30-Oct-13,4751.05,4775.8,4745.6,4764.3,537298099,11317.48
31-Oct-13,4755.45,4811.15,4755.45,4804.85,820077988,15400.96
01-Nov-13,4798.4,4833.95,4798.4,4823,818573210,13636.31
03-Nov-13,4843.2,4847.05,4836.15,4840.15,154296117,1944.47
05-Nov-13,4815.85,4836.95,4790.35,4808.2,712156962,12158.38
06-Nov-13,4813.1,4827.5,4781.05,4784.65,598400277,10273.98
07-Nov-13,4794.2,4831.95,4748.3,4752,606093919,11112.09
08-Nov-13,4741.6,4754.35,4710.1,4725.9,530591303,10804.68
11-Nov-13,4710,4725.8,4675.55,4680.35,511163730,10367.36
12-Nov-13,4686.8,4701.65,4634.3,4637.35,527530071,10126.55
13-Nov-13,4623.65,4654.15,4605.15,4614.65,508270414,10922.25
14-Nov-13,4648.3,4698.2,4648.3,4670.1,466180382,9725.89
18-Nov-13,4706.9,4763.3,4706.9,4760.65,500152067,10186.3
19-Nov-13,4764.75,4779.45,4754.2,4771.75,551533871,10301.97
20-Nov-13,4762.45,4778.05,4709.5,4720.05,599711558,10325.45
21-Nov-13,4702.65,4702.65,4623.85,4631.85,486703435,9476.15
22-Nov-13,4653.25,4668.95,4617.15,4632.45,438104233,8426.66
25-Nov-13,4661.35,4719.95,4661.35,4716,428712454,9263.28
26-Nov-13,4706.35,4718.75,4673.15,4679.15,680340969,14532.39
27-Nov-13,4683,4690.1,4659.25,4679.85,458159638,9292.33
28-Nov-13,4704.55,4722.7,4696.5,4708.8,720142017,12046.91
29-Nov-13,4717.15,4773.5,4717.15,4770.1,578139547,9660.14
02-Dec-13,4770.85,4812.4,4770.85,4804.4,498158889,9176.68
03-Dec-13,4796.2,4815.95,4788.7,4795.9,519665252,9426.21
04-Dec-13,4787.65,4803.75,4758.85,4764.55,695838009,9879.35
05-Dec-13,4836.5,4857.85,4809.85,4815,637327138,12402.91
06-Dec-13,4811.9,4838.05,4809.25,4830.8,534043508,9928.16
09-Dec-13,4938.75,4938.75,4887.7,4898.15,598463367,12605.24
10-Dec-13,4893.4,4894.95,4855.4,4873.8,615540644,13082.56
11-Dec-13,4857.7,4865.85,4835.65,4855.6,482924059,9582.89
12-Dec-13,4834.8,4840.35,4806.35,4810.55,460467755,8745.41
13-Dec-13,4785.6,4791.3,4752.3,4756.05,458384577,9935.96
16-Dec-13,4759.05,4773.55,4746.25,4756,437090583,9428.34
17-Dec-13,4774.8,4786.25,4745.2,4748.5,473504130,10121.29
18-Dec-13,4743.45,4817.55,4743.45,4809.65,607175074,12873.42
19-Dec-13,4834.7,4841.75,4769.8,4780.6,760359446,13608.86
20-Dec-13,4788.6,4868.1,4787.1,4861.65,615900300,11748.38
23-Dec-13,4857.75,4901.1,4857.75,4878.85,587790997,9837.59
24-Dec-13,4888.15,4896.6,4868.8,4876.1,538207900,8917.48
26-Dec-13,4880.6,4905.65,4876.9,4887.85,764371429,11784.36
27-Dec-13,4900.45,4922.75,4900.45,4914.7,489196951,8027.52
30-Dec-13,4931.3,4937.25,4887.65,4899.95,436835626,7894.36
31-Dec-13,4914.2,4921,4898.45,4914.85,478113332,7150.31
01-Jan-14,4928.8,4932,4915.95,4921.25,475576268,5502.1
02-Jan-14,4922.5,4961.45,4842.55,4848.95,785294354,11279.91
03-Jan-14,4830.15,4857,4814.85,4850.65,551021592,9832.82
06-Jan-14,4858.85,4858.85,4829.65,4845.05,518164116,9490.08
07-Jan-14,4854.65,4868.25,4811.45,4820.25,639875395,10716.27
08-Jan-14,4832.9,4849,4822.3,4833.55,625371696,11173.42
09-Jan-14,4839.4,4844.9,4806.25,4820.15,575010999,10672.93
10-Jan-14,4828.4,4868.45,4798.05,4813.95,583498105,12312.66
13-Jan-14,4825.1,4877.8,4825.1,4869.95,473319730,9980.97
14-Jan-14,4861.3,4875.95,4844.95,4850.75,421986727,8255.88
15-Jan-14,4867.15,4902.2,4867.15,4899.7,507912162,10683.03
16-Jan-14,4913.2,4917.2,4882.35,4891.4,473078584,10761.88
17-Jan-14,4883.45,4896.55,4832.95,4841.3,490382017,11779.72
20-Jan-14,4840.3,4880,4833,4878.25,438477216,9234.41
21-Jan-14,4889.9,4900.45,4876.7,4886.7,455554646,9745.19
22-Jan-14,4884.05,4911.15,4872.65,4903.95,442713988,9748.42
23-Jan-14,4894.25,4909.95,4892.55,4903.5,427727014,9697.58
24-Jan-14,4875.25,4893.2,4835.15,4836.7,448549342,9989.51
27-Jan-14,4780.95,4780.95,4722.45,4725.6,554711198,11140.31
28-Jan-14,4723.25,4748.3,4694,4720.6,557172172,11941.34
29-Jan-14,4746.05,4756.45,4714.1,4720.6,467843905,10324.69
30-Jan-14,4680.9,4680.9,4645.25,4675.1,683730592,13386.93
31-Jan-14,4685.3,4714.65,4680.35,4709.15,531659255,10263.48
03-Feb-14,4690.15,4702,4643.65,4648.55,448706307,9095.19
04-Feb-14,4609.8,4662.25,4596.05,4652.5,535569356,10686.7
05-Feb-14,4656.35,4676.25,4632.9,4671.85,480236553,10210.82
06-Feb-14,4680.55,4695.75,4638.05,4681.35,496107496,10711.84
07-Feb-14,4711.15,4713.05,4679.85,4701.7,490834323,9908.16
10-Feb-14,4709.45,4714,4688.45,4692.55,428598632,8324.73
11-Feb-14,4705,4713.75,4693.95,4699.6,397523690,8951.5
12-Feb-14,4717.15,4730.25,4706.7,4711.95,411284603,9373.33
13-Feb-14,4715.45,4718.55,4643.55,4650,430785303,8585
14-Feb-14,4664.4,4682.4,4632.85,4677.8,427535836,9333.54
17-Feb-14,4685.15,4695.45,4672.15,4690.45,355124526,7694.98
18-Feb-14,4689.65,4740.8,4688.7,4731.5,395423560,8438.8
19-Feb-14,4735.3,4756.65,4733.95,4752.9,354197867,7426.43
20-Feb-14,4733.1,4739.7,4713.95,4716.35,448856826,8272.43
21-Feb-14,4728.15,4764.9,4728.15,4762.75,412793229,7706.41
24-Feb-14,4755.3,4786.25,4752.7,4783.15,407957990,7750.25
25-Feb-14,4797.6,4808.75,4780.1,4793.9,437175218,8628.93
26-Feb-14,4796.9,4819.4,4796.9,4816.4,563905542,11547.04
28-Feb-14,4814.45,4852.05,4814.45,4849.5,568401781,14145.44
03-Mar-14,4842.3,4857.85,4809.55,4816.3,496592115,9707.1
04-Mar-14,4815.2,4875.2,4815.2,4873.2,531570531,10608.15
05-Mar-14,4896.2,4906.2,4871.25,4900.85,558982948,11034.2
06-Mar-14,4913.75,4961.95,4913.75,4959.1,656377306,12015.98
07-Mar-14,4971.05,5040.95,4971.05,5033.85,914472382,18424.51
10-Mar-14,5010.35,5060.7,5010.35,5046.45,737157568,15997.28
11-Mar-14,5048.65,5069.1,5016.4,5026.95,741470716,14503.49
12-Mar-14,5017.05,5050.15,5011.6,5028.7,562040795,10831.6
13-Mar-14,5016.6,5063.65,4995.85,5007.2,598453298,13354.45
14-Mar-14,4977.45,5019.65,4962.95,5011.55,545213922,11477.08
18-Mar-14,5031.6,5063.8,5020.8,5035.4,563025667,12098.26
19-Mar-14,5047.7,5055.4,5030.95,5044.2,545243292,12779.69
20-Mar-14,5032.85,5045,5008.5,5014.8,508813911,10825.11
21-Mar-14,5037.55,5041.7,5024.45,5031.05,587523142,13864.45
22-Mar-14,5036.8,5040.9,5030,5037.5,76401652,1161.02
24-Mar-14,5049.9,5095.1,5049.9,5091.2,519220539,10963.15
25-Mar-14,5071.05,5105.35,5071.05,5102.75,562887602,11737
26-Mar-14,5121.9,5132.2,5097.05,5114.7,685260863,12757.78
27-Mar-14,5121.65,5165.8,5117.4,5146.2,887309769,19720.06
28-Mar-14,5170.5,5206.65,5161.1,5202.15,703647503,12986.28
31-Mar-14,5224.45,5234.3,5188.05,5224.85,823691758,14243.59
01-Apr-14,5244.15,5244.15,5199.4,5232.85,691765960,12730.2
02-Apr-14,5261.7,5276.1,5246.25,5272.4,790584413,15175.1
03-Apr-14,5281.6,5281.6,5227.6,5254.35,853998766,15105.59
04-Apr-14,5257.3,5257.3,5229.7,5234.5,826038769,13443.81
07-Apr-14,5236.3,5256.6,5198.5,5234.2,797272198,12797.42
09-Apr-14,5254.7,5321.3,5252.6,5315.25,856241502,15806.94
10-Apr-14,5322.25,5345.8,5308.8,5328.4,1042169439,18641.78
11-Apr-14,5302.4,5326.85,5294.15,5317.7,847359106,14984.19
15-Apr-14,5330.25,5334.9,5267.1,5278.15,678141240,13428.12
16-Apr-14,5275,5294.7,5222.85,5230.35,708352501,13491.46
17-Apr-14,5246.3,5312.65,5242.3,5310.75,651546530,13467.29
21-Apr-14,5321.45,5352.55,5321.45,5347.25,606036155,11693.62
22-Apr-14,5354.3,5365.8,5341,5346.6,683287991,11796.64
23-Apr-14,5352.8,5377.95,5351.85,5362.45,849320479,16963.64
25-Apr-14,5372.8,5373.85,5320.1,5328.6,730347838,15084.6
28-Apr-14,5327.55,5334.5,5307.55,5321.5,676370686,13210.51
29-Apr-14,5330.05,5338.3,5283.25,5286.05,748805490,13125.29
30-Apr-14,5294.8,5334.1,5221.95,5255.65,929192918,15667.14
02-May-14,5271.05,5291.1,5256.2,5260.95,578855116,10724.31
05-May-14,5253.75,5289.6,5253.75,5260.3,556908399,10622.33
06-May-14,5275.4,5294.1,5262.85,5273.1,468444180,9407.85
07-May-14,5269.5,5278.5,5227.45,5232.85,546473188,12173.01
08-May-14,5246.3,5261.75,5222.4,5236.6,501085792,10432.8
09-May-14,5232.25,5382.5,5231.9,5375.9,802908179,15819.71
12-May-14,5380.25,5482.9,5380.25,5479.7,882115104,16366.64
13-May-14,5526.8,5600.1,5524.45,5562.55,1172466722,21403.86
14-May-14,5569.25,5593.5,5555.45,5583.6,1051608382,18929.96
15-May-14,5588.9,5618.35,5554.45,5580.3,917003627,17222.13
16-May-14,5689.3,5888.15,5610.5,5656,1654563233,35339.61
19-May-14,5711.85,5766.85,5682.2,5762.6,1707779207,29252.74
20-May-14,5804.9,5824.45,5762.25,5790.95,1666839382,24248.6
21-May-14,5799.9,5809.3,5748.65,5792.3,1436663978,21203.37
22-May-14,5828.7,5872.2,5813.05,5841.3,1609503398,22761.53
23-May-14,5872.85,5931.6,5870,5923.65,1511299691,24333.05
26-May-14,5976.85,6035.15,5804.15,5883.75,1794138558,28260.76
27-May-14,5888.4,5888.4,5796.3,5844.2,1128416155,17421.29
28-May-14,5853.3,5870.6,5835.75,5861.25,1101516470,18170.42
29-May-14,5855.85,5860.85,5788.85,5796.45,1107595277,22799.38
30-May-14,5813.95,5831.2,5789.25,5802.85,1185893515,24901.27
02-Jun-14,5829.1,5914.05,5818.3,5911.7,924766778,16676.57
03-Jun-14,5926.2,5963.1,5906.45,5956.85,1144813218,20526.16
04-Jun-14,5960.95,5982.05,5955.1,5972.85,1239021008,19997.35
05-Jun-14,5979.2,6043,5948.05,6037.65,1351373894,23767.56
06-Jun-14,6078.05,6134.15,6067.6,6129.95,1410551388,25436.25
09-Jun-14,6164.55,6209.8,6164.3,6196.7,1661153252,24571.72
10-Jun-14,6218.3,6218.3,6125.2,6192.3,1397278819,21837.56
11-Jun-14,6207.2,6234.25,6123.6,6152.55,1338736844,22961.92
12-Jun-14,6161.7,6178.05,6124.05,6168.8,989175179,17164.11
13-Jun-14,6184.45,6191,6040.45,6057.5,1114587340,21337.06
16-Jun-14,6050,6064,5990.7,6056.7,981708400,17157.43
17-Jun-14,6051.25,6142.75,6044.2,6139.35,907343865,17565.92
18-Jun-14,6146.25,6177.7,6049.2,6084.85,1149101557,19592.79
19-Jun-14,6103.05,6127.3,6040.95,6064.75,819797974,15691.48
20-Jun-14,6066.45,6082.75,6026.9,6038.6,877248071,14548.35
23-Jun-14,6044.4,6065.7,6001.25,6037.95,816069082,13660.85
24-Jun-14,6054.2,6124.4,6054.2,6113.85,937533251,16153.19
25-Jun-14,6123.05,6127.25,6106.65,6115.15,806982445,14227.51
26-Jun-14,6107.8,6119.9,6058.55,6065.8,938593485,18884.31
27-Jun-14,6083.3,6105.8,6055.35,6082.1,810695865,14857.36
30-Jun-14,6102.4,6180.85,6102.4,6174.2,818639694,16094.02
01-Jul-14,6192,6212,6187.2,6199.9,808783092,15096.89
02-Jul-14,6240.1,6282.2,6240.1,6276.9,933160627,17789.53
03-Jul-14,6289.9,6301.7,6260.1,6267.2,876932476,17229.86
04-Jul-14,6273.05,6300.85,6230,6297.6,766993073,14614.16
07-Jul-14,6319.8,6329.3,6300.9,6322,753882678,17126.43
08-Jul-14,6336.45,6336.45,6131.55,6152.3,945567180,19653.94
09-Jul-14,6159.2,6169.05,6076.2,6104,979622198,18216.05
10-Jul-14,6105.95,6233.05,6008.2,6105.2,1403789512,24675.88
11-Jul-14,6116,6153.55,5981.45,5991.7,1006595970,18352.61
14-Jul-14,5993.65,6008.55,5958.9,5990.7,688863159,13108.37
15-Jul-14,6020.25,6071.55,6004.65,6067.35,696464709,13443.21
16-Jul-14,6096.15,6157.6,6080,6147.9,835056267,16132.02
17-Jul-14,6140.55,6185.95,6140.55,6179.45,760462984,15010.42
18-Jul-14,6167.45,6199.55,6135.25,6184.55,718747757,14919.86
21-Jul-14,6213.05,6234.8,6193.5,6200.3,584930251,12379.58
22-Jul-14,6219.55,6254.45,6216.4,6251.35,662837781,14149.43
23-Jul-14,6272.95,6283.6,6226.8,6261.1,710698294,14781.87
24-Jul-14,6263.9,6283.35,6242.95,6278.95,703213796,14482.41
25-Jul-14,6278.75,6284.3,6192.6,6230.45,819809215,17368.05
28-Jul-14,6231.55,6237.1,6182.3,6200,597648919,12481.59
30-Jul-14,6196.1,6237.5,6168.45,6232.6,733707847,17463
31-Jul-14,6227.4,6243.55,6189.55,6194.45,963002830,21548.14
01-Aug-14,6146.55,6201.1,6106.45,6111.7,850794773,17722.75
04-Aug-14,6138.2,6183.6,6136.6,6175.7,621406577,14136.17
05-Aug-14,6192.3,6229.55,6150.25,6226.45,741586517,14898.65
06-Aug-14,6210.4,6231.8,6165.4,6173.6,673346782,14446.05
07-Aug-14,6160.3,6195.7,6141.85,6153.5,603608244,12565.21
08-Aug-14,6104.05,6104.05,6051.35,6072.65,619681283,12854.47
11-Aug-14,6113.95,6125.85,6100.2,6117.65,506105454,11222.61
12-Aug-14,6158.6,6190.45,6139.85,6186.15,524620836,12213.78
13-Aug-14,6177.7,6205.25,6130.85,6167.2,855715695,16124.41
14-Aug-14,6178.25,6218,6168.55,6215.65,776219943,13774.51
18-Aug-14,6208.9,6298.35,6208.9,6294.1,634418582,13324.03
19-Aug-14,6316.2,6335.05,6309.1,6328.8,706830885,15552.35
20-Aug-14,6342.2,6342.2,6312.85,6321.65,645109377,13850.42
21-Aug-14,6324.9,6366.35,6313.15,6339.35,639992633,15247.04
22-Aug-14,6351.85,6367.8,6342.2,6352.35,600278297,13805.06
25-Aug-14,6366,6391.3,6327.1,6332.45,626490594,13012.2
26-Aug-14,6311.25,6340.6,6289.9,6328.45,679460631,13149.44
27-Aug-14,6352.1,6365.5,6339.25,6355.15,603135571,12789.36
28-Aug-14,6363.75,6378.95,6349.65,6360.75,826213553,18853.81
01-Sep-14,6388.1,6441.55,6388.1,6438.45,674009057,14006.07
02-Sep-14,6447.8,6499.8,6447.8,6484.35,720920721,15221.95
03-Sep-14,6506.5,6536.55,6500.5,6517.7,791181845,17748.11
04-Sep-14,6515.6,6515.6,6465.55,6501.95,917124340,15814.78
05-Sep-14,6506.6,6528.4,6476.15,6502.3,935381037,15719.04
08-Sep-14,6537.6,6580.8,6537.05,6578,736850346,15411.23
09-Sep-14,6574.65,6584.95,6553.65,6577.05,710895431,13434.11
10-Sep-14,6562.45,6563.15,6531.85,6540.25,777705103,14298.4
11-Sep-14,6558.4,6572.45,6527.95,6554.75,809539824,15615.26
12-Sep-14,6559.8,6579.3,6548.45,6572.7,756107313,15296.65
15-Sep-14,6547.25,6556.45,6518.05,6540.1,772665478,14009.32
16-Sep-14,6538.6,6550.25,6404.2,6411.25,943629294,16986.06
17-Sep-14,6445.25,6457.7,6401.55,6442.5,706496154,14916.23
18-Sep-14,6426.8,6563.95,6423.75,6560,812721018,15935.24
19-Sep-14,6574.45,6603.5,6551.15,6561.65,958407756,20631.99
22-Sep-14,6532.55,6586.8,6521,6576.6,639927808,13015.37
23-Sep-14,6577.7,6591.5,6459.05,6464.8,737996745,15774.97
24-Sep-14,6463.3,6481.3,6393.8,6437.25,823651102,15411.77
25-Sep-14,6438.7,6448.9,6319.15,6343.15,1154944405,20927.24
26-Sep-14,6319.85,6405.3,6286.5,6396.55,843527782,15985.83
29-Sep-14,6403.95,6435.05,6383,6408.3,602194173,11227.1
30-Sep-14,6399.05,6469.5,6384.8,6415.7,746377532,15497.82
01-Oct-14,6413.2,6431.2,6393.8,6398.05,770794395,11825.44
07-Oct-14,6369.35,6404.15,6318.75,6324.85,669176328,14141.01
08-Oct-14,6308.7,6341.8,6296,6316.65,611210727,13490.31
09-Oct-14,6348.65,6424.5,6348.65,6416.4,666727686,13241.82
10-Oct-14,6377.95,6386.8,6323.35,6330.35,648267853,14752.32
13-Oct-14,6307.7,6362.3,6284.55,6352.4,584224400,12360.89
14-Oct-14,6380.2,6384.55,6319.35,6339.9,716692595,14638.49
16-Oct-14,6317.2,6359.45,6208.55,6225.3,727917215,16010.09
17-Oct-14,6221.9,6283.5,6204,6255.15,664741505,15900.25
20-Oct-14,6346.95,6356.5,6317.55,6334.8,625617167,14662.76
21-Oct-14,6355.5,6384.7,6340.5,6378.15,605555748,14997.93
22-Oct-14,6431.4,6441.7,6418.55,6436.55,558154555,13081.81
23-Oct-14,6468.25,6469.85,6457.4,6463.25,129328879,2095.44
27-Oct-14,6498.75,6498.75,6434.95,6438.9,545877982,12311.01
28-Oct-14,6444,6469.3,6439.65,6465.15,505890545,12746.98
29-Oct-14,6500.65,6518.05,6487.4,6513.75,590003547,14202.27
30-Oct-14,6510.35,6575.65,6510.35,6570.3,831606309,19822.87
31-Oct-14,6598.05,6689.55,6598.05,6685.75,870102423,18704.19
03-Nov-14,6705.25,6709.15,6676.8,6704.3,872777060,15744.64
05-Nov-14,6726.6,6742.95,6707.55,6713.75,929519723,18391.5
07-Nov-14,6717.45,6734.1,6680.1,6720.95,799001255,20297.68
10-Nov-14,6728.2,6757.4,6701.2,6727.75,689248513,15110.55
11-Nov-14,6739.15,6761.2,6714.9,6753.1,794967751,15392.78
12-Nov-14,6767.8,6801.95,6767.8,6777.6,724121340,15625.55
13-Nov-14,6797.55,6798.55,6725.85,6753.55,783449417,15224.19
14-Nov-14,6758.95,6792.45,6749.8,6785.75,742753499,16531.76
17-Nov-14,6781.55,6829.3,6766.8,6825.75,728887553,15342.07
18-Nov-14,6835.8,6859.35,6822.7,6837.35,790376124,16312.43
19-Nov-14,6850.85,6860.7,6777.75,6797.7,727484396,16529.33
20-Nov-14,6815.15,6817.55,6767.6,6806.3,629116310,14062.97
21-Nov-14,6813.05,6864.45,6808.85,6847.3,644538292,15417.03
24-Nov-14,6863.6,6890.3,6858.1,6880.8,592761104,14229.21
25-Nov-14,6882.85,6882.85,6776.3,6810.45,1083011634,22856.42
26-Nov-14,6799.4,6843.2,6792.75,6825.45,639644870,14170.71
27-Nov-14,6825.95,6852,6819.85,6845.3,854706201,19070.79
28-Nov-14,6864.15,6944.05,6864.15,6918.05,773623720,19315.93
01-Dec-14,6931.5,6943.5,6894.05,6898.05,640052388,15694.04
02-Dec-14,6882.75,6909.45,6863.25,6895.7,667493631,15259.24
03-Dec-14,6903.25,6942.95,6901.75,6935.55,787255903,17087.25
04-Dec-14,6968,6995.7,6928.15,6960.75,788026044,16491.63
05-Dec-14,6975.75,6984.1,6927.35,6937.55,764883449,15327.7
08-Dec-14,6941.9,6948.8,6852.85,6857.15,688302921,21154.73
09-Dec-14,6855.2,6864.7,6761,6767.6,645395780,14429.98
10-Dec-14,6751.6,6809.85,6751.6,6796.25,603642580,14194.79
11-Dec-14,6784.4,6793,6725.9,6744.95,658754457,15025.32
12-Dec-14,6756.1,6774.7,6675.6,6680.55,670321290,14780.4
15-Dec-14,6632.4,6687.8,6632.4,6667.55,571914251,12768.51
16-Dec-14,6630.25,6643.75,6513.1,6525.2,838068760,16781.94
17-Dec-14,6501.8,6535.7,6410.35,6492.9,853399582,18764.51
18-Dec-14,6579.1,6633.45,6561.8,6625.6,669429611,15320.5
19-Dec-14,6684.15,6709,6661,6670.15,748936914,16492.41
22-Dec-14,6690.85,6748.4,6676.4,6744.15,524567014,11281.55
23-Dec-14,6748.35,6778.8,6692.55,6703,556335744,12310.95
24-Dec-14,6706.95,6718.45,6641.45,6650.6,918672720,20933.95
26-Dec-14,6672.15,6696.8,6635.25,6674.8,447217480,8154.2
29-Dec-14,6688.75,6741.45,6688.75,6718.6,489674632,9418.92
30-Dec-14,6730.65,6739.2,6708.65,6733.75,512338633,9712.79
31-Dec-14,6730.5,6779.3,6730.5,6773.65,532187256,10692.56
01-Jan-15,6767.6,6794.25,6755,6786.1,440905954,7133.12
02-Jan-15,6792.4,6883.05,6792.4,6866.45,617743719,12163.31
05-Jan-15,6877.35,6913.25,6848.25,6857.45,614330577,12316.5
06-Jan-15,6817.65,6817.65,6646.4,6656.8,716905569,15639.56
07-Jan-15,6653.65,6680.5,6605.4,6644.95,723294637,15077.63
08-Jan-15,6715.35,6758.25,6708,6755.45,654891539,15779.94
09-Jan-15,6798.45,6811.3,6727.35,6783,656149896,17326.21
12-Jan-15,6790.6,6819.1,6763.2,6815.05,565061352,12421.73
13-Jan-15,6835.25,6846.7,6777.7,6801.4,633102324,15131.78
14-Jan-15,6810.2,6828.9,6759.55,6787.15,617337112,14764.03
15-Jan-15,6897.15,6962.15,6870.95,6937.5,908184374,19812.02
16-Jan-15,6945.1,6970.95,6913.35,6961.45,793395731,17233.77
19-Jan-15,6988.3,7013.3,6984.45,6992.15,753124977,13719.9
20-Jan-15,7013.15,7088.55,7013.15,7080.65,715528499,15985.18
21-Jan-15,7100.5,7117,7071.9,7099.6,740149235,18544.05
22-Jan-15,7111.65,7136.1,7092.95,7121.85,828372340,17142.24
23-Jan-15,7176,7191.9,7137.45,7170.25,853708400,19519.47
27-Jan-15,7197.75,7236.8,7169.8,7229.05,753389390,19569.08
28-Jan-15,7224.75,7290.45,7210.65,7241.55,836268363,20684.89
29-Jan-15,7234.4,7264.55,7203.25,7257.25,968369702,23522.36
30-Jan-15,7293.25,7293.25,7140.15,7166.7,1151032544,22907.98
02-Feb-15,7164.6,7196.6,7142,7172.9,860671249,19402.58
03-Feb-15,7196.75,7203.75,7124.2,7137.45,870521232,19721.84
04-Feb-15,7164.8,7164.8,7095.3,7108.75,921727881,18341.77
05-Feb-15,7116.8,7176.7,7056.4,7076.65,797466152,17948.37
06-Feb-15,7070.05,7087.2,7019.7,7029.45,787820408,15785.28
09-Feb-15,6973.35,6978.65,6915.45,6922.35,707969352,14045.32
10-Feb-15,6889.25,7022.95,6888.05,6959.9,833633496,18500.44
11-Feb-15,6990.45,7040.45,6990.35,7031.8,741572390,15508.63
12-Feb-15,7071.15,7117.2,7032.2,7108.2,881187542,18085.53
13-Feb-15,7134.1,7186.3,7129.8,7176.2,853451640,19533.58
16-Feb-15,7200.6,7227.05,7162,7175,926158576,15575.88
18-Feb-15,7182.2,7242.45,7182.2,7228.55,1065299979,19867.42
19-Feb-15,7245.55,7258.95,7168,7242.85,917135398,18532.97
20-Feb-15,7250.75,7250.75,7194.9,7209.4,873700553,16009.42
23-Feb-15,7233.35,7237.15,7134.5,7147.55,707217272,14892.67
24-Feb-15,7162.55,7171.45,7123.2,7146.6,741277539,15717.58
25-Feb-15,7177.45,7204.75,7134.25,7144.2,670750425,14673.89
26-Feb-15,7154.75,7154.75,7066.05,7077.5,838034434,20907.71
27-Feb-15,7111.1,7217.05,7111.1,7210.3,1114198291,23844.28
28-Feb-15,7262.7,7273.1,7131.4,7239.45,1136488436,19247.52
02-Mar-15,7281.85,7308,7234.95,7299.65,955723876,21828.82
03-Mar-15,7309.5,7352.6,7288.05,7345.55,849662756,19163.59
04-Mar-15,7426.8,7428.1,7260.6,7279.8,1094409207,23859.81
05-Mar-15,7287.8,7314.8,7238.5,7303.35,803172306,17631.39
09-Mar-15,7267.15,7267.15,7162.3,7171.5,748536444,16385.38
10-Mar-15,7184.4,7199,7116.75,7141.7,677089532,17050.92
11-Mar-15,7156.15,7166.2,7115.8,7126.6,747101793,16748.85
12-Mar-15,7158.85,7209.8,7158.85,7202.6,803300219,16751.1
13-Mar-15,7253.75,7253.75,7089.2,7099.9,801685829,18182.62
16-Mar-15,7111.05,7111.3,7064.55,7078.95,620221902,15077.73
17-Mar-15,7122.1,7166.4,7087.25,7154.05,687747826,16877.7
18-Mar-15,7172.65,7175.1,7120.65,7137.05,756935127,16104.65
19-Mar-15,7189.55,7217.7,7086.25,7096.75,713921214,16800.35
20-Mar-15,7096.2,7096.2,7016.05,7028.2,844259401,18682.62
23-Mar-15,7045.8,7053.1,6990.15,6997.6,615398522,12306.14
24-Mar-15,6991.7,7040.15,6980.3,6984.75,596568493,14343.52
25-Mar-15,7005.25,7006.3,6963.7,6972.45,603834063,14844.08
26-Mar-15,6934.2,6945.65,6836.15,6846.25,836084545,22240
27-Mar-15,6889.1,6894.75,6778.45,6846.6,724904818,16842.93
30-Mar-15,6889.35,6976.75,6889.2,6969.95,585320913,12870.29
31-Mar-15,7001.7,7020.8,6952.35,6978.15,726549046,15817.94
01-Apr-15,6975.8,7068.85,6964.65,7060.2,617338059,13819.26
06-Apr-15,7087.05,7131.55,7059.65,7126.75,703091643,15365.57
07-Apr-15,7148.85,7158.1,7083.65,7144.4,797008749,16182.63
08-Apr-15,7176.7,7205.75,7168.4,7193.6,856968268,18046.87
09-Apr-15,7229.9,7237.35,7171.1,7234,760077725,17385.91
10-Apr-15,7236,7251.45,7217.45,7246.05,730297787,16017.26
13-Apr-15,7266.15,7292,7245.6,7286.2,627519792,14212.19
15-Apr-15,7299.55,7299.55,7205.45,7224.2,761813703,18166.55
16-Apr-15,7233.85,7233.85,7134.5,7183.35,644051604,16465.23
17-Apr-15,7180.4,7180.4,7087.1,7093.85,553715711,15954.19
20-Apr-15,7104.65,7104.65,6933,6958,575261583,16159.41
21-Apr-15,6943.5,6977.1,6890.1,6908,830771116,39766.23
22-Apr-15,6928.3,6948.5,6836.65,6938,634738684,17796.3
23-Apr-15,6978.35,7002.55,6899.5,6922.4,546383034,15979.66
24-Apr-15,6931.55,6931.55,6804.2,6826.55,607908476,17623.96
27-Apr-15,6846.7,6846.7,6715.9,6723.9,653165206,17747.66
28-Apr-15,6720.65,6808,6698.45,6794.65,670114237,17837.33
29-Apr-15,6793.7,6823.1,6757.9,6781.7,593662671,15440.59
30-Apr-15,6771.05,6771.05,6714.95,6749.65,873175925,23820.6
04-May-15,6790.8,6883.2,6788.55,6873.4,575305200,15215.53
05-May-15,6880.65,6900.45,6847.4,6878.5,593347238,16090.66
06-May-15,6869.95,6871.9,6671.35,6680.9,752720178,19387.72
07-May-15,6667.5,6688.75,6572.7,6616.85,702257725,16350.01
08-May-15,6676.15,6752.65,6676.15,6728.9,603127164,15486.08
11-May-15,6771.35,6843.3,6765.05,6839,577152172,15154.28
12-May-15,6842.6,6842.6,6683.15,6689.4,613938581,15392.28
13-May-15,6733.3,6793.2,6677.95,6780.4,699598005,17387.28
14-May-15,6778.5,6804.15,6720,6796.75,616063833,14716.89
15-May-15,6813.1,6842.15,6798.75,6827.05,632000161,14076.37
18-May-15,6845.85,6916.1,6839.3,6910.85,626581863,13903.37
19-May-15,6901.7,6955.05,6886.9,6909.7,650946468,14165.75
20-May-15,6933.8,6966.25,6933.6,6944.4,536247704,13239.89
21-May-15,6956.2,6958.15,6909.75,6938.75,521044888,14094.42
22-May-15,6951.35,6988.3,6941.4,6964.45,606065340,15407.01
25-May-15,6953.25,6956.8,6907.1,6911.15,530017016,10996.01
26-May-15,6919.5,6921.3,6876.2,6890.6,512564370,12672.92
27-May-15,6858.55,6890.55,6842.8,6885.1,548240135,15736.72
28-May-15,6895.35,6904.9,6828.1,6867.75,746618817,21207.89
29-May-15,6878.5,6963.95,6864.85,6959.85,1041562709,41518.66
01-Jun-15,6947.7,6980.65,6947.7,6957.45,514148338,13671.5
02-Jun-15,6966.5,6966.5,6793,6799.45,604800850,14580.78
03-Jun-15,6798.4,6798.4,6645.85,6703.45,1492714910,16663.75
04-Jun-15,6719.55,6720.9,6646.3,6704.75,862125701,14330.31
05-Jun-15,6693.25,6754.4,6683.2,6700.7,637438795,13293.19
08-Jun-15,6710.25,6710.25,6622.35,6631.3,541444000,11630.15
09-Jun-15,6617.8,6640.7,6597.35,6612.9,569008683,12069.24
10-Jun-15,6617.75,6710.7,6617.75,6691.25,589292040,12189.05
11-Jun-15,6721.85,6724.35,6564.45,6568.5,659334403,13859.32
12-Jun-15,6562.05,6584.3,6543.55,6577.4,568246235,11454.89
15-Jun-15,6584.7,6634.2,6558.6,6600.65,521419931,10549.85
16-Jun-15,6598.25,6636.3,6555.15,6627,504342956,11037.04
17-Jun-15,6657.55,6711.95,6639.15,6680.8,580640167,14349.33
18-Jun-15,6698.65,6753.9,6697.7,6746.85,566075191,13818.01
19-Jun-15,6770.35,6803.8,6768.1,6785.1,569897405,14934.63
22-Jun-15,6813.35,6896.95,6813.35,6889.7,711611697,12892.68
23-Jun-15,6909.3,6930.15,6877.5,6912.45,625432685,12721.65
24-Jun-15,6926.9,6938.25,6871.65,6887.8,641556300,14373.88
25-Jun-15,6871.35,6930.9,6870.35,6917.55,872271190,19039.58
26-Jun-15,6913.25,6924.15,6873.1,6908.85,747397852,13158.39
29-Jun-15,6792.9,6848.95,6752.75,6843.95,619321701,12502.69
30-Jun-15,6844.2,6900.05,6843.35,6897.2,647930413,15503
01-Jul-15,6908.6,6987.7,6908.6,6972.3,632728955,14246.52
02-Jul-15,6992.55,7010.2,6974.35,6983.35,616817144,13757.11
03-Jul-15,6984.65,7028.15,6984.6,7003.95,523087305,11252.87
06-Jul-15,6922.9,7048.35,6922.9,7043.4,612378797,12514.25
07-Jul-15,7052.65,7081.95,7025.2,7051.05,689494844,14407.78
08-Jul-15,6993.65,7020,6919.6,6939.7,795745208,16946.73
09-Jul-15,6947.7,6973.5,6910.2,6915.35,620157644,13234.7
10-Jul-15,6948.9,6958.3,6906.6,6935.55,594062809,14234
13-Jul-15,6964.15,7021.85,6940.25,7016.55,521409812,12433.01
14-Jul-15,7030.65,7042.4,7002,7020.25,621925261,12783.12
15-Jul-15,7030.85,7075.25,7030.85,7065.65,588611257,12467.63
16-Jul-15,7086,7142.2,7086,7136.8,554228745,13360.61
17-Jul-15,7154.25,7166.95,7132.6,7148.05,576002609,12926.23
20-Jul-15,7161.5,7161.5,7121.15,7148.5,552127302,11939.07
21-Jul-15,7151.65,7167.25,7060.55,7070.3,683923538,17528.11
22-Jul-15,7058.6,7154.35,7051.25,7149.45,586652530,14201.44
23-Jul-15,7164.4,7172.7,7120,7129.35,599919973,16073.55
24-Jul-15,7131,7131.9,7068.6,7074.95,585624545,15526.73
27-Jul-15,7055.7,7055.7,6950.8,6955.35,579250542,14678.33
28-Jul-15,6968.15,6983.7,6930,6935.65,661258322,16209.63
29-Jul-15,6960.15,6977.55,6944.45,6974.15,638809000,15133.39
30-Jul-15,7008.75,7046.15,7006.55,7019.6,976712720,20071.73
31-Jul-15,7045.7,7117.2,7045.7,7106.2,813030812,19001.54
03-Aug-15,7099.75,7146.9,7099.75,7129,889632425,16617.8
04-Aug-15,7150.2,7154.05,7074.75,7136.3,836110319,19457.8
05-Aug-15,7166.75,7207.95,7166.75,7186.25,964409732,17185.91
06-Aug-15,7203.3,7214.3,7174.35,7202,844121506,15788.36
07-Aug-15,7200.2,7213,7175,7183.85,724254694,15202.23
10-Aug-15,7197.3,7233.75,7138.35,7157.55,693133942,14368.09
11-Aug-15,7179.2,7179.2,7079.15,7101.1,684858238,15138.49
12-Aug-15,7086.75,7086.75,6979.6,6986.45,765781095,17391.27
13-Aug-15,7017.85,7059.15,6964.85,6976.6,773499683,16114.09
14-Aug-15,7015.8,7120,7001.15,7112.5,768383354,16072.28
17-Aug-15,7125.5,7125.5,7048.45,7098.7,674150488,14402.07
18-Aug-15,7126.35,7147.95,7076.5,7106.4,648664371,15230.07
19-Aug-15,7108.3,7148.95,7079.55,7125.85,722603011,15321.71
20-Aug-15,7111.85,7130.3,7010.7,7016.95,865581906,18669.26
21-Aug-15,6955.9,6973.9,6889,6961,760431657,17986.85
24-Aug-15,6753.45,6753.45,6468.05,6493.85,1147111609,25631.24
25-Aug-15,6567.55,6601.3,6352.9,6569.85,1247793445,25648.13
26-Aug-15,6560.15,6621.3,6487,6513.35,814064447,18429.6
27-Aug-15,6622.45,6667.05,6583.1,6657.25,1025402560,24585.37
28-Aug-15,6738.8,6772.75,6666.65,6694.45,749490168,17250.21
31-Aug-15,6700.1,6730.05,6649.65,6669.35,703086874,20947.23
01-Sep-15,6617,6642.4,6490.2,6522.25,651253366,16376.75
02-Sep-15,6577.65,6577.65,6464.5,6475.65,657903683,17049.22
03-Sep-15,6523.45,6580.75,6515.45,6560.05,620013894,13945.62
04-Sep-15,6548.45,6548.45,6392.85,6421.05,766197222,15727.26
07-Sep-15,6444.8,6458.6,6316.7,6323.4,541472662,11290.58
08-Sep-15,6344.85,6436.1,6286.7,6407,668968141,14726.85
09-Sep-15,6501.75,6545,6480.9,6522.3,735251430,15687.72
10-Sep-15,6447.4,6526,6403.95,6504.5,606514240,14337.68
11-Sep-15,6544.7,6566.25,6491.65,6511.55,612805585,12783.86
14-Sep-15,6536.2,6586.65,6504.4,6582.7,560619626,11347.29
15-Sep-15,6583.65,6595.3,6523.85,6543.25,516459524,12233.17
16-Sep-15,6589.7,6590.15,6549.2,6571.6,498907681,12820.23
18-Sep-15,6628.15,6694.6,6626.25,6636.95,888527920,21355.83
21-Sep-15,6586.8,6654.5,6586.15,6647.15,744668000,12918.83
22-Sep-15,6680.3,6686.6,6512.8,6528.55,716792790,15781.84
23-Sep-15,6468.15,6576.6,6457.25,6553.9,710694708,14484.99
24-Sep-15,6553.5,6592.55,6529.4,6573.9,799452620,18319.77
28-Sep-15,6595.35,6595.35,6519.35,6524.25,568626897,13023.68
29-Sep-15,6465.1,6605.9,6434.5,6552.35,851254375,19133.55
30-Sep-15,6614,6651.65,6585.9,6646.1,704097336,17972.32
01-Oct-15,6685.65,6694.1,6640.8,6654.5,631634015,15593.29
05-Oct-15,6700.8,6794.35,6700.8,6789.1,699518111,17003.44
06-Oct-15,6835.95,6835.95,6778.85,6818.65,788991483,16777.1
07-Oct-15,6817.65,6845.2,6807.6,6835.8,966268889,15631.8
08-Oct-15,6850.4,6850.4,6776.1,6793.8,754274522,14394.86
09-Oct-15,6840.1,6869.7,6795.7,6829.4,767939114,14637.91
12-Oct-15,6861.4,6868.4,6788.9,6802.3,753034659,13307
13-Oct-15,6794.55,6809.9,6762.5,6797.55,666807452,12812.89
14-Oct-15,6782.5,6810.45,6780.7,6786.05,681335762,12810.46
15-Oct-15,6810.75,6842.4,6810.75,6834.05,701170659,14030.47
16-Oct-15,6850.55,6874.9,6813.25,6870.85,629101195,13470.28
19-Oct-15,6891.05,6911.5,6876,6907.7,626866060,13197.26
20-Oct-15,6916.95,6931.8,6881.75,6907.1,790141696,15299.73
21-Oct-15,6908.8,6931.95,6867.4,6895.75,761599173,13771.07
23-Oct-15,6944.1,6952,6904.85,6913.05,636890433,13954.91
26-Oct-15,6943.55,6943.55,6875.65,6882.6,570619454,12949.35
27-Oct-15,6863,6874.4,6855.6,6870.35,597903408,14662.73
28-Oct-15,6843.55,6859.6,6798.15,6828.15,682002147,16887.06
29-Oct-15,6833.1,6833.1,6777.65,6784.85,877444823,20047.76
30-Oct-15,6796.05,6815.8,6733.85,6750.95,768712194,17182.35
02-Nov-15,6747.4,6747.65,6695.4,6740.9,650924369,13016.63
03-Nov-15,6771.95,6781.6,6733.5,6755.15,616363626,13036.79
04-Nov-15,6790.1,6796.35,6733.55,6741.2,571326606,12587.81
05-Nov-15,6734.8,6734.8,6654.1,6661.7,586614597,12426.2
06-Nov-15,6663.4,6693,6629.15,6650.1,644432802,14735.74
09-Nov-15,6516.2,6657.4,6500.95,6641.4,681210125,15771.89
10-Nov-15,6618,6624.7,6528.95,6536.45,653082017,13199.59
11-Nov-15,6585.65,6589.5,6581.85,6585.15,125607446,2055.53
13-Nov-15,6540.25,6540.5,6500.75,6526.6,574148910,14498.93
16-Nov-15,6506.6,6573.5,6487.45,6551.45,621563178,12830.07
17-Nov-15,6586.4,6595.3,6547.7,6580.8,668032405,13092.1
18-Nov-15,6574.8,6591.6,6502.65,6507.55,751900118,12361.45
19-Nov-15,6551.35,6601.9,6537.6,6594.55,580948042,13010.48
20-Nov-15,6599,6649.75,6586.7,6615.65,681810101,14142.99
23-Nov-15,6630.3,6639.4,6599.45,6615.5,501807354,11953.67
24-Nov-15,6610.15,6636.25,6602,6609.1,641304270,13192.51
26-Nov-15,6618.5,6653.95,6618.5,6644.9,941752342,19678.68
27-Nov-15,6667.9,6696.85,6646.45,6686.9,791865123,13709.89
30-Nov-15,6686.55,6706.85,6679.45,6686.1,1066677028,26193.21
01-Dec-15,6707.55,6721.15,6694.7,6712.5,781949185,13954.4
02-Dec-15,6731.35,6731.35,6680.6,6699.8,668208826,12971.34
03-Dec-15,6680,6685.8,6641.55,6649.5,759410415,13284.65
04-Dec-15,6612.8,6618.1,6581.9,6584.9,803088567,14480.8
07-Dec-15,6615.25,6622.5,6566,6576.85,605829479,11855.48
08-Dec-15,6556.6,6582.9,6504.6,6515.15,656349942,11394.1
09-Dec-15,6510,6511.95,6420.95,6425.35,670013213,12847.39
10-Dec-15,6451.7,6488.45,6420.85,6484.25,683923198,13088.11
11-Dec-15,6499.3,6499.3,6399.95,6425.45,663041827,13663.41
14-Dec-15,6389.7,6467.2,6386.45,6457.6,577239636,12145.2
15-Dec-15,6467.1,6504.3,6446.85,6501.75,504286006,11486.9
16-Dec-15,6524.9,6562.75,6518.2,6535.45,625731553,12858.76
17-Dec-15,6565.6,6626.6,6538.2,6621.75,714784551,14677.85
18-Dec-15,6611.35,6620.85,6565.55,6570.8,706698471,15427.58
21-Dec-15,6563.65,6630.7,6562,6628.05,563240660,10967.46
22-Dec-15,6629.75,6644.8,6590.8,6595.85,624254283,10993.52
23-Dec-15,6630.3,6656.45,6630.3,6652.75,529647513,10042.13
24-Dec-15,6672.6,6672.6,6637.4,6656.75,563750645,9702.75
28-Dec-15,6663.45,6707.25,6663.45,6700.7,537406257,11208.92
29-Dec-15,6707.65,6717.25,6685.45,6705.25,619767104,11478.76
30-Dec-15,6715.8,6718.3,6681,6685.45,583010604,10716.23
31-Dec-15,6690.65,6727.75,6687.45,6724.75,822731398,16356.17
01-Jan-16,6723.1,6758.55,6707.45,6753.65,560271338,8608.25
04-Jan-16,6729.5,6748.4,6622.5,6630.8,817612445,13795.28
05-Jan-16,6659.85,6664.1,6614.95,6639.5,865892515,14223.24
06-Jan-16,6645.05,6660.3,6593.05,6607.65,813457542,15173.51
07-Jan-16,6550.4,6550.4,6437.9,6446.85,794452677,15306.88
08-Jan-16,6483.95,6512.35,6466.7,6490.85,682275199,13323.54
11-Jan-16,6434,6485.05,6395.65,6451.85,731888598,13663.81
12-Jan-16,6471,6471.1,6391.8,6405.45,708059370,13327.51
13-Jan-16,6445.65,6467,6294.3,6415.95,1031466961,18408.93
14-Jan-16,6334.8,6433.95,6304.1,6378.2,794013691,15923.41
15-Jan-16,6400.9,6403.05,6257.25,6262.4,784242924,15415.74
18-Jan-16,6247.2,6273.2,6139.7,6149.15,867503369,15912.39
19-Jan-16,6172.45,6243.1,6156.05,6225.2,731445205,13441.95
20-Jan-16,6163.2,6163.2,6055.3,6115.75,794264340,15457.59
21-Jan-16,6171.2,6196.3,6067.3,6092.05,805563247,16170.07
22-Jan-16,6157.7,6222.75,6137.45,6216.7,703583091,13712.78
25-Jan-16,6259.8,6275.5,6226.4,6234.45,556604060,11200.24
27-Jan-16,6263.25,6271.7,6221.5,6242.4,619840386,13211.72
28-Jan-16,6235.05,6261.85,6224.8,6230,896935955,18576.1
29-Jan-16,6228.05,6346.2,6228.05,6339.45,825584163,18789.47
01-Feb-16,6367.35,6374.55,6330.8,6341.6,624956178,14846.29
02-Feb-16,6351.6,6359.15,6235.15,6252.2,758161202,15499.26
03-Feb-16,6198.55,6209.95,6159.25,6166.2,910126115,13687.15
04-Feb-16,6213.25,6236.85,6154.05,6186.25,752740453,14638.83
05-Feb-16,6201.45,6280.15,6191.3,6270.5,694943902,15429.88
08-Feb-16,6277.75,6302.2,6195.6,6209.8,626019580,11651.61
09-Feb-16,6146,6154.8,6112.1,6125.6,626436046,13331.16
10-Feb-16,6100.8,6102.7,6022.2,6051.95,862708388,15583.56
11-Feb-16,6042.4,6042.4,5831.1,5843.2,1023929133,17022.11
12-Feb-16,5878.8,5878.8,5722.8,5833.4,1178283507,19717.43
15-Feb-16,5903.8,6013.55,5903.8,5999.05,864082667,16363
16-Feb-16,6028.05,6028.05,5882.85,5889.1,715227188,13607.73
17-Feb-16,5897.9,5940.95,5801.05,5930.15,821484359,14552.39
18-Feb-16,5986.85,6016.8,5937.45,5988.8,683618513,13927.19
19-Feb-16,5973.35,6009.05,5955.5,6000.4,578571470,10847.21
22-Feb-16,6007.15,6034.65,6000.3,6024.15,478882771,10359.52
23-Feb-16,6031.6,6031.6,5923.75,5930.9,590009609,11852.33
24-Feb-16,5906.5,5911.95,5853.35,5859.75,636267945,11787.29
25-Feb-16,5871.5,5871.5,5810.65,5816.5,907653697,16324.91
26-Feb-16,5870.55,5878.9,5818.5,5852.9,603049266,12378.73
29-Feb-16,5869.85,5897.95,5717,5829.95,1100649245,23212.57
01-Mar-16,5866.65,6027.45,5866.65,6020.05,779985409,16490.44
02-Mar-16,6095.3,6151.05,6094.05,6137.15,958256553,19085.02
03-Mar-16,6183.9,6223,6162.35,6218.4,848639120,17017.79
04-Mar-16,6242.6,6249.85,6200.45,6239.35,887749585,16264.38
08-Mar-16,6242.4,6278.4,6209.25,6243.65,935056200,16338.66
09-Mar-16,6208.2,6279.5,6193.45,6275.1,797983640,16364.74
10-Mar-16,6289.1,6289.1,6217.55,6242.95,704300488,15532.21
11-Mar-16,6242.6,6287.9,6223.2,6258.45,669559348,14014.23
14-Mar-16,6287.3,6317.5,6263.05,6282.7,590028226,11762.1
15-Mar-16,6282.7,6282.7,6214.7,6222.65,613227996,13198.65
16-Mar-16,6221.1,6244.5,6166.95,6238.45,667591195,12976.66
17-Mar-16,6287.05,6307.8,6233.9,6255.75,764712406,15957.82
18-Mar-16,6273,6325.9,6254.95,6322.65,780501388,17343.35
21-Mar-16,6336.7,6411.8,6336.7,6406.7,635076842,14695.32
22-Mar-16,6406.8,6426.3,6363.45,6418.3,713581230,15788.79
23-Mar-16,6421.2,6430,6389.5,6423.7,636360923,13916.57
28-Mar-16,6441,6441.2,6318.6,6334.7,687713888,15496.2
29-Mar-16,6329.2,6359.3,6302.05,6323,664417082,16414
30-Mar-16,6366.05,6440.8,6366.05,6436.7,766135996,16578.32
31-Mar-16,6437.1,6468.05,6420.2,6452.15,1122075770,25565.76
01-Apr-16,6438.4,6462.6,6409.8,6445.5,818607041,14441.15
04-Apr-16,6465.95,6482.5,6439.65,6479.6,621876670,12324.29
05-Apr-16,6462.9,6462.9,6350.2,6358.35,737066788,15162.79
06-Apr-16,6381.95,6383.25,6352.1,6378,666069200,13368.84
07-Apr-16,6391.75,6391.75,6322.15,6329.8,764455853,13787.47
08-Apr-16,6327.1,6351.7,6316.15,6346.65,585704239,11725.24
11-Apr-16,6363.55,6434.75,6324.6,6430.6,638272700,13694.46
12-Apr-16,6433.7,6475.5,6432.1,6470.1,620694120,14487.18
13-Apr-16,6524.65,6587.05,6524.5,6575.35,785581950,17701.12
18-Apr-16,6610.9,6638.6,6568.9,6635.05,687256280,17541.24
20-Apr-16,6663.25,6669.8,6615.4,6643.3,887263461,18885.16
21-Apr-16,6675.4,6694.95,6615.1,6634.3,786437102,17273.47
22-Apr-16,6621.85,6646.1,6610.05,6627.95,664468356,14171.02
25-Apr-16,6627,6635.4,6573.9,6593.45,601576100,13589.81
26-Apr-16,6577.2,6676.35,6570.6,6669.5,709713904,16982.13
27-Apr-16,6660.45,6695.25,6659.9,6684.3,734197287,16376.69
28-Apr-16,6680,6695.2,6575.45,6583.15,1051801058,24449.57
29-Apr-16,6583.55,6616.85,6533.85,6588.55,891960888,17217.1
02-May-16,6569.55,6587.05,6548.95,6580.15,724856704,13206.27
03-May-16,6597.15,6642.85,6527.85,6533.55,753295800,17010.05
04-May-16,6515.65,6529.1,6477.9,6484.35,741045894,15019.95
05-May-16,6503.15,6532.55,6479.6,6500.05,677829133,15193.81
06-May-16,6488.45,6508.55,6463.7,6504.55,634203250,12477.12
09-May-16,6525.55,6608.1,6525.55,6603.25,595298625,14201.92
10-May-16,6610.4,6626.1,6586.1,6617.25,600060683,13705.47
11-May-16,6549.65,6625.35,6533.6,6593,826509583,16300.77
12-May-16,6611.9,6646.05,6603.3,6640.9,614270672,14128.23
13-May-16,6628.45,6634.95,6566.7,6582.3,717776773,17527.88
16-May-16,6595.55,6616.7,6548.95,6608.25,644805356,13942.98
17-May-16,6638,6666.6,6622.5,6629.7,684260548,16139.73
18-May-16,6600.1,6629.15,6577.05,6621.55,641787362,14306.14
19-May-16,6626.25,6626.25,6537.4,6546.5,716588410,14797.95
20-May-16,6555.65,6567.4,6503.85,6513.1,585106148,13106.93
23-May-16,6560.55,6560.55,6491,6495.25,593567361,13364.42
24-May-16,6502.65,6507,6472.35,6498.6,636460922,13848.17
25-May-16,6547.35,6631.2,6547.35,6626.85,668230971,15541.72
26-May-16,6655.3,6732.45,6636.85,6725.2,1002819946,21872.84
27-May-16,6739.2,6801.8,6739.2,6797,852519004,19815.87
30-May-16,6811.15,6835.65,6795.3,6820.3,733475485,15661.01
31-May-16,6842.65,6842.65,6782.5,6804,1304959258,34436.99
01-Jun-16,6820,6850.45,6811.1,6815.45,763313331,15792.56
02-Jun-16,6802.85,6856.2,6795.4,6849.2,637771969,14868.93
03-Jun-16,6871.85,6885.7,6839.6,6844.75,892844755,17856.17
06-Jun-16,6853.35,6858.1,6822.1,6832.3,567829304,13149.44
07-Jun-16,6859.2,6903.65,6848.4,6884.15,738188255,17234.95
08-Jun-16,6899.05,6906.8,6883.45,6901.8,762785026,14772.49
09-Jun-16,6908.3,6908.3,6843.55,6857.75,808977667,15022.75
10-Jun-16,6846.05,6907.3,6828.5,6832.05,911812390,14749.55
13-Jun-16,6778.25,6791.5,6745.7,6785.15,853583859,13168.93
14-Jun-16,6804.6,6804.6,6762.5,6793.85,971832782,12345.24
15-Jun-16,6819.15,6870.35,6810.9,6865.05,850392983,13996.66
16-Jun-16,6851.05,6851.05,6767.85,6819.85,915789909,15412.34
17-Jun-16,6851.25,6865,6815.5,6842.35,959183576,15180.24
20-Jun-16,6798.2,6894.45,6791.15,6891.3,820278494,14527.47
21-Jun-16,6906.65,6906.65,6873.55,6886.15,738558897,13274.78
22-Jun-16,6885.9,6902.7,6839.8,6871,720230960,13399.1
23-Jun-16,6871.8,6919.85,6852.3,6910.55,648192355,12644.05
24-Jun-16,6722.25,6780.5,6630.55,6775.55,1184425198,22638.9
27-Jun-16,6743.7,6820.4,6743.7,6803.7,756565708,14367
28-Jun-16,6811.5,6850.4,6811.5,6837.75,711836356,14852
29-Jun-16,6874.35,6912.95,6872.1,6907.1,846180444,15170.16
30-Jun-16,6951.85,6990.5,6944.45,6980.8,1315229740,24174.41
01-Jul-16,7003.9,7043.45,7003.9,7027.85,906177280,16128.22
04-Jul-16,7067.05,7092.1,7066.75,7071.85,899966478,15486.36
05-Jul-16,7078.45,7078.45,7035.2,7051,1400931515,14964.95
07-Jul-16,7058.85,7071.75,7039.7,7050.1,1078119393,16123.08
08-Jul-16,7062.25,7062.25,7008.05,7039.4,818227315,14527.02
11-Jul-16,7111.65,7156.75,7110.4,7151.35,817870531,15875.46
12-Jul-16,7179.5,7195.1,7158.2,7192.25,1126579228,17233.05
13-Jul-16,7208.9,7213.1,7161.05,7177,1199186142,19281.45
14-Jul-16,7178.4,7218.25,7169.65,7215.35,914640781,16100.28
15-Jul-16,7223.6,7245.05,7181.5,7194.4,938742839,21035.45
18-Jul-16,7214.3,7232,7154.55,7162.25,912136050,15774.79
19-Jul-16,7169.25,7186.2,7134.55,7178.2,886824091,16112.15
20-Jul-16,7174,7222.75,7174,7221.3,782366991,16886.2
21-Jul-16,7241.85,7243.7,7182.65,7186.7,1027549643,18280.98
22-Jul-16,7197,7230.1,7173.9,7227.45,865433583,17702.74
25-Jul-16,7222.55,7307.6,7222.55,7305.6,887788998,18652.23
26-Jul-16,7309.1,7320.8,7259.9,7270,1062230654,20882.25
27-Jul-16,7282.5,7328.15,7258,7297.9,966712267,21741.9
28-Jul-16,7315.7,7343.8,7309.95,7338.65,1252335247,27005.46
29-Jul-16,7344.5,7357.45,7324.4,7330,885872962,19910.57
01-Aug-16,7350.25,7395,7292.35,7335.05,923439456,20954.21
02-Aug-16,7346.15,7372.35,7306.75,7310.9,858352471,19962.47
03-Aug-16,7321.55,7321.55,7220.65,7232.8,781002549,18511.75
04-Aug-16,7281.7,7281.7,7215.4,7248.55,742042682,17145.36
05-Aug-16,7289.55,7368.2,7289.55,7364.05,801981345,18354.96
08-Aug-16,7391.3,7406.4,7376.45,7398.25,709225407,18510.75
09-Aug-16,7411.9,7411.9,7337.85,7368.45,878565996,19968.93
10-Aug-16,7377.6,7377.6,7270.1,7277,804949158,18641.63
11-Aug-16,7277.65,7297.6,7237.9,7289.5,792479498,18484.63
12-Aug-16,7301,7357.3,7301,7347.45,785099677,20600.49
16-Aug-16,7350.6,7362.85,7305.45,7339.25,818301616,19727.4
17-Aug-16,7341.25,7368.25,7322.85,7343.7,781677706,17196.34
18-Aug-16,7364.65,7398.65,7364.65,7390.2,760770763,17168.8
19-Aug-16,7408.15,7413.3,7378.95,7397.8,794487936,17534.18
22-Aug-16,7400.6,7414,7354.15,7363.8,641974004,15498.12
23-Aug-16,7363.85,7369.55,7320.9,7359.75,726408487,16321.42
24-Aug-16,7372.95,7393.35,7364.1,7386.05,643187501,16244.31
25-Aug-16,7404.1,7416.05,7337.2,7343.5,1060690154,23177.82
26-Aug-16,7363.3,7374.3,7317.9,7334.8,749654452,16141.85
29-Aug-16,7344.6,7367.85,7308.1,7361,628763385,14583.66
30-Aug-16,7393,7465.55,7393,7461.95,704914255,17471.93
31-Aug-16,7473.9,7520.45,7473.9,7490.65,1163818771,33233.75
01-Sep-16,7498.25,7512.3,7463.6,7474.3,935851976,18519.13
02-Sep-16,7491.5,7513.9,7474.75,7504.6,713606943,17043.1
06-Sep-16,7540.8,7619.95,7540.8,7615,725810020,18557.48
07-Sep-16,7638.15,7638.55,7599.85,7607.2,1206086456,23131.43
08-Sep-16,7610.55,7647.5,7598.2,7642.7,1074799065,21217.35
09-Sep-16,7634.5,7634.5,7567.6,7575.55,1021072945,20794.11
12-Sep-16,7459.7,7469.5,7410.1,7420.5,892731386,19103.37
14-Sep-16,7423.4,7462.75,7409.85,7455.3,877743081,19459.78
15-Sep-16,7471,7475.35,7435.2,7462.7,795285449,16569.3
16-Sep-16,7499.1,7553.8,7461.45,7487.2,1126452887,28788.78
19-Sep-16,7500.1,7525.9,7486.05,7513.8,709938107,16878.99
20-Sep-16,7522.9,7523.85,7478.1,7490.3,687040134,16750.16
21-Sep-16,7504.65,7534.1,7478.45,7491.7,645844852,16398.35
22-Sep-16,7570.4,7588.3,7540.95,7573,751974335,19175.54
23-Sep-16,7587.7,7592.45,7547.15,7554.9,767011036,21240.44
26-Sep-16,7540.95,7541.15,7472.15,7479.75,649189885,17464.72
27-Sep-16,7503.5,7520.5,7456,7469.95,648933117,16076.31
28-Sep-16,7478.25,7529.7,7472.05,7514.95,791322745,18569.65
29-Sep-16,7555.7,7562,7303.95,7336.85,1598983208,37946.52
30-Sep-16,7326.6,7409.15,7308.85,7394.85,877315661,19818.07
03-Oct-16,7443.15,7535,7429.5,7532.25,753009047,18175.96
04-Oct-16,7560.6,7576.1,7533.05,7567.7,805639813,19644.35
05-Oct-16,7599.4,7600.55,7542.65,7565.5,827830498,18602.58
06-Oct-16,7588.85,7605.65,7509.75,7537.25,827398991,19051.95
07-Oct-16,7552.4,7557.9,7496.85,7527.2,741360565,17157.28
10-Oct-16,7559.5,7567.45,7527.95,7532.7,543014793,12825.15
13-Oct-16,7508.3,7514.35,7377.2,7418.35,835702778,21286.79
14-Oct-16,7437.9,7453.05,7404,7439.85,666704352,18293.11
17-Oct-16,7464.15,7465.45,7371.35,7384.5,791365517,18415.81
18-Oct-16,7416.15,7517.3,7416,7512.3,748399846,19118.51
19-Oct-16,7533.65,7534.3,7486.1,7507.7,760184810,18019.28
20-Oct-16,7539.35,7565.5,7526.5,7538.8,767934470,16783.01
21-Oct-16,7550,7550.1,7505.15,7541.7,750916027,17367.08
24-Oct-16,7559,7575.45,7535.35,7551.55,696303563,15378.76
25-Oct-16,7561.05,7561.25,7512.5,7541.5,725840624,17849.34
26-Oct-16,7519.3,7519.3,7459.3,7476.75,842635427,20225.62
27-Oct-16,7467.15,7467.8,7407.1,7452.15,1009171984,24728.73
28-Oct-16,7464.55,7502.2,7439.35,7494.1,747852881,18996.22
30-Oct-16,7528.65,7533.6,7493.95,7501.45,125634238,2336.84
01-Nov-16,7525.25,7539.1,7491.8,7502.2,702080773,18263.66
02-Nov-16,7433.55,7433.55,7383.3,7391.4,669596860,16302.99
03-Nov-16,7382.75,7420,7335.75,7344.1,701510067,16877.47
04-Nov-16,7359.7,7359.9,7245.5,7274.1,825475667,21817.29
07-Nov-16,7360.75,7366.95,7317.85,7330.95,603971909,16163.05
08-Nov-16,7366.35,7377.6,7314.25,7366.05,593581762,16012.96
09-Nov-16,6924.95,7276.7,6829.8,7247.45,1373546890,31026.97
10-Nov-16,7358.05,7408.8,7329.9,7342.3,1034870168,25124.48
11-Nov-16,7280.45,7284.75,7112.55,7126.5,972160883,24360.65
15-Nov-16,7120.9,7122.2,6902.9,6916.45,1153103554,30505.96
16-Nov-16,7002,7014.25,6897.75,6928.1,890950014,24438.09
17-Nov-16,6928.45,6966.5,6884.85,6903.45,667222179,16941.47
18-Nov-16,6920.55,6943.55,6873.05,6908.5,662191146,16391.43
21-Nov-16,6934.35,6934.35,6751.15,6761.55,790199026,18142.97
22-Nov-16,6811.75,6850.4,6764.25,6835.3,746471653,17145.93
23-Nov-16,6881.2,6890.15,6817.35,6882.65,673683125,16891.08
24-Nov-16,6863.25,6879.3,6820.15,6837.5,932060925,22161.57
25-Nov-16,6873.9,6966.45,6849.75,6960.75,703845622,17273.76
28-Nov-16,6940,7000.95,6929.2,6983.4,677898783,16334.36
29-Nov-16,6993.5,7048.7,6991.55,7003.6,670266224,16739.68
30-Nov-16,7030.25,7085.8,7009.65,7079.4,1078138615,29765.76
01-Dec-16,7099.6,7103.8,7034.65,7040.25,675632663,15743.78
02-Dec-16,7005.5,7008.65,6934.85,6947.3,654770389,15444.95
05-Dec-16,6951.8,6993.6,6929.45,6984.25,544148688,13233.33
06-Dec-16,7007.15,7030.35,6994.05,7001.6,532423817,12240.6
07-Dec-16,7026.6,7037.75,6948.95,6971.2,669722247,14648.79
08-Dec-16,7015.8,7094.2,7014.75,7089.25,602271567,14596.33
09-Dec-16,7111.75,7112.25,7085.2,7101.15,624344372,14057.95
12-Dec-16,7083.1,7083.1,7009.25,7023.2,488753286,11307.54
13-Dec-16,7040.5,7050.2,7007.65,7045.35,610337386,16451.68
14-Dec-16,7053.9,7053.9,6999.2,7004.65,569890740,14514.09
15-Dec-16,6957.45,7047.35,6953.1,6989.25,612045149,15633.19
16-Dec-16,7009.4,7009.55,6965.6,6976.5,608379628,16666.64
19-Dec-16,6973.05,6973.5,6936.55,6943.35,470097426,11141.64
20-Dec-16,6948.9,6960.1,6892.8,6908.1,556071115,13131.01
21-Dec-16,6929.75,6933.85,6889.7,6896,544385101,12666.68
22-Dec-16,6883.4,6883.9,6806.1,6816.35,509297526,12364.46
23-Dec-16,6814.05,6850.9,6779.2,6814.9,554431531,13905.67
26-Dec-16,6800.2,6801.8,6720.25,6724.45,499941890,11825.31
27-Dec-16,6730.9,6840.85,6711.65,6832,568808578,13249.17
28-Dec-16,6849.45,6902,6839.9,6847.4,565570193,14030.77
29-Dec-16,6846.8,6920.9,6839.8,6915.45,864984299,18003.78
30-Dec-16,6931.85,6993.4,6928.85,6982.8,636193679,13588.84
02-Jan-17,7007.4,7014.15,6955.45,7002.5,602244980,12181.31
03-Jan-17,7019,7048,6989,7028.75,627404023,13925.83
04-Jan-17,7042.25,7058.6,7024.2,7030.75,800039712,15722.25
05-Jan-17,7063.15,7112.6,7061.8,7106.9,827121928,17180.08
06-Jan-17,7119.05,7140.25,7073.5,7083.1,702347838,16488.64
09-Jan-17,7099.55,7101.75,7076.85,7085.15,576555922,12978.61
10-Jan-17,7108.35,7136.05,7106.45,7132.2,667841272,15963.38
11-Jan-17,7163.9,7220.35,7160.35,7214.15,824933514,19505.41
12-Jan-17,7225.35,7244.2,7209.1,7231.85,786924484,16498.4
13-Jan-17,7268.95,7271,7202.95,7228.3,676587382,16755.44
16-Jan-17,7224,7255.65,7209.3,7247.95,603669654,13579.94
17-Jan-17,7255.7,7276.05,7227,7243.65,614870814,15220.36
18-Jan-17,7252.25,7299.2,7249.8,7269,701131246,17150.8
19-Jan-17,7271.95,7295.4,7260.35,7287.75,735467328,16106.27
20-Jan-17,7267.1,7281.85,7196.65,7202.75,869232796,17863.02
23-Jan-17,7191.4,7251,7189.8,7242.55,663616286,16093.19
24-Jan-17,7259.8,7319.7,7254.6,7315.25,683407596,17761.73
25-Jan-17,7338.9,7424.9,7334.8,7417.7,1113982692,28400.22
27-Jan-17,7426.85,7483.9,7424.4,7455.15,1043955555,22695.37
30-Jan-17,7451.7,7473,7432.1,7452.15,943492816,18363.07
31-Jan-17,7453.8,7455.2,7372.55,7379.3,1303181339,25114
01-Feb-17,7390.55,7520.7,7366.9,7516.05,1321645704,25817.72
02-Feb-17,7525.45,7564.45,7501.55,7547.1,1229929924,24875.22
03-Feb-17,7555.7,7578.05,7544,7569.9,1326926000,22844.61
06-Feb-17,7610.8,7638.35,7600.25,7628.1,1172442850,21301.53
07-Feb-17,7637.55,7638.8,7576.05,7603.2,1242439154,21405.57
08-Feb-17,7615.15,7630.6,7562.35,7614.75,1048215866,19937.59
09-Feb-17,7636.3,7660.3,7577.55,7623.6,1036208551,20915.19
10-Feb-17,7651.9,7656.8,7613.75,7631.25,897909074,19801.28
13-Feb-17,7655.3,7660.05,7583.1,7626.95,922497043,17631.44
14-Feb-17,7640.6,7640.65,7593.15,7605.05,853294919,17965.99
15-Feb-17,7597.4,7613.6,7519.85,7531.6,941514378,20612
16-Feb-17,7543.3,7602.45,7522.45,7599.45,874726081,20003.61
17-Feb-17,7672.8,7681.1,7617.2,7638,1003038252,33697.39
20-Feb-17,7640.1,7694.7,7632.15,7691.85,975532895,17681.03
21-Feb-17,7704.4,7735.35,7690.25,7725.25,883760188,19327.11
22-Feb-17,7745.1,7756.45,7706.3,7721.6,1005986818,24559.28
23-Feb-17,7741.6,7762.6,7720.75,7729.65,1303404052,30882.59
27-Feb-17,7733.3,7746.15,7700.4,7706.5,980074054,22303.64
28-Feb-17,7713.4,7729.3,7695.25,7709.1,1121630506,25171.84
01-Mar-17,7733.3,7769.95,7729.35,7754.7,1029100834,20557.43
02-Mar-17,7787.95,7793.9,7676,7691.65,1038115762,22775.2
03-Mar-17,7679.1,7703.7,7659.25,7696.2,793372729,20321.03
06-Mar-17,7716.15,7749.6,7715.45,7745.4,719451395,17560.35
07-Mar-17,7758.75,7758.8,7723.25,7735.3,759198504,18032.93
08-Mar-17,7740.95,7745.55,7678.7,7710.95,809433060,20467.06
09-Mar-17,7704.05,7731.9,7692.75,7710,776934880,17730.31
10-Mar-17,7732.5,7751.3,7690.95,7710.9,685079814,16016.22
14-Mar-17,7844.3,7864.6,7807.5,7835.65,990879798,25995.43
15-Mar-17,7842.15,7869.55,7836.1,7854.75,980791930,21867.05
16-Mar-17,7893.5,7931.65,7892.65,7928.55,1059873638,22359.3
17-Mar-17,7967.7,7974.95,7913.4,7933.1,1167891127,28099.18
20-Mar-17,7944.9,7945.05,7906,7918.6,1046729967,20341.05
21-Mar-17,7927.5,7933.2,7874.5,7909.2,873916498,21935.64
22-Mar-17,7849.65,7861.15,7817.65,7830.1,860629496,21611.52
23-Mar-17,7852.05,7895.7,7852.05,7885.7,834966214,21090.26
24-Mar-17,7900.5,7926.85,7894.75,7905.3,953175696,20713.43
27-Mar-17,7899.75,7900.6,7847.75,7865.3,809937981,19285.27
28-Mar-17,7895.3,7919.85,7894,7912.1,778034024,19478.91
29-Mar-17,7935.65,7950.95,7916.8,7945.3,947156911,23379.11
30-Mar-17,7950,7983.85,7946.75,7976.9,1367623488,32736.11
31-Mar-17,7975.05,8005.75,7971,7995.05,1036666194,23299.36
03-Apr-17,8028.55,8057.4,8014.4,8053.15,836437630,19267.02
05-Apr-17,8077.85,8100.7,8045.75,8095.1,1073057297,24808.88
06-Apr-17,8081.5,8096.25,8056.35,8092.1,944826819,22343.23
07-Apr-17,8064.05,8100.5,8035,8045.35,988922713,23637.86
10-Apr-17,8070.45,8077.95,8038.3,8052.1,781737603,19158.08
11-Apr-17,8056.55,8108.45,8050.1,8107.1,1155746789,23398.61
12-Apr-17,8115.2,8122.55,8028.7,8078.85,1091554970,22467.68
13-Apr-17,8080.7,8080.7,8040.35,8044.9,812041950,18991.32
17-Apr-17,8044,8058,8017.2,8042.6,1083549770,20052.55
18-Apr-17,8065.1,8117.2,7995.35,8003.15,1276921853,25005.18
19-Apr-17,8008.4,8031.25,7983.2,8021,947705555,21898.44
20-Apr-17,8036.25,8069.35,8032.55,8063.1,946943401,22590.72
21-Apr-17,8099.95,8106.5,8030.45,8057.7,1084272650,21926.22
24-Apr-17,8075.2,8142.45,8072.8,8137.35,1066423363,22612.23
25-Apr-17,8183.6,8218.9,8167.7,8216.7,1055422567,25710.49
26-Apr-17,8244.7,8260.35,8178.95,8230.85,1193505826,26594.63
27-Apr-17,8241.95,8245.25,8210.65,8222.2,1141231967,28922.8
28-Apr-17,8226.4,8227.8,8195.55,8214.3,1159222672,24420.46
02-May-17,8244.7,8260.05,8186,8231.35,1032444959,23836.64
03-May-17,8259.55,8260.8,8215.4,8227.7,967975037,22868.63
04-May-17,8263.85,8269.1,8235.8,8265.8,1051472955,25001.18
05-May-17,8277.7,8279,8174.25,8193.25,1205539512,26596.09
08-May-17,8216.95,8241.25,8206.6,8226.1,879982923,19927.04
09-May-17,8246.3,8256,8222.65,8242.7,999272324,20870.23
10-May-17,8266.65,8325.6,8265.05,8320.2,926170339,21905.05
11-May-17,8354.65,8358.5,8323.7,8331,897412139,23001.91
12-May-17,8343.15,8343.9,8271.95,8299.2,832311250,22786.74
15-May-17,8329.75,8353.7,8322.5,8351.3,975101210,20604.89
16-May-17,8367.25,8401.4,8359.1,8398.95,1057491741,22443.34
17-May-17,8402,8404.1,8371.75,8396,920329437,23393.44
18-May-17,8334.3,8361.45,8269.25,8279.15,1067028688,25164.35
19-May-17,8318.2,8352.45,8218.55,8258.2,1038523328,25355.86
22-May-17,8304.9,8322.5,8228.8,8235.05,953727449,20479.13
23-May-17,8242.8,8243.35,8119.9,8159.15,1134901534,25525.2
24-May-17,8178.35,8192.25,8087,8106.6,1136033878,24887.46
25-May-17,8130.7,8240.95,8119.15,8233.9,1370273847,32834.22
26-May-17,8238.95,8335.8,8231.35,8331.85,1079848733,23997.39
29-May-17,8315.7,8353.7,8266.1,8299.5,1054421193,24085.13
30-May-17,8286,8334.35,8262.4,8328.95,1114056916,22443.85
31-May-17,8344.25,8369.1,8330.2,8350.95,1568691274,36406.89
01-Jun-17,8343.85,8374.65,8338.05,8367.15,922034425,21259.93
02-Jun-17,8403.95,8416.85,8385.1,8406.55,1211152573,20180.45
05-Jun-17,8418.65,8448.3,8404.5,8435.75,817893011,18861.43
06-Jun-17,8457.45,8460.5,8383.75,8397.2,774634361,19975.33
07-Jun-17,8420.1,8442,8400.2,8431.5,798783953,20911.8
08-Jun-17,8451.75,8456.85,8415.55,8429.15,737186187,20096.21
09-Jun-17,8427.15,8459.2,8398.5,8452.75,783395091,19799.76
12-Jun-17,8439,8439.15,8392.25,8408.7,780962135,18118.1
13-Jun-17,8415.75,8448.5,8396.7,8408,885821577,18012.98
14-Jun-17,8421.05,8424.95,8381.1,8420.8,938115902,21891.42
15-Jun-17,8420.85,8427.7,8383.55,8400.2,1009350539,21421.41
16-Jun-17,8416.55,8440.95,8392.2,8411.45,1015023413,24832.04
19-Jun-17,8446.95,8467.45,8428.7,8453.1,687266136,17707.2
20-Jun-17,8467.3,8475.9,8444.75,8454,768611131,19020.43
21-Jun-17,8451.55,8454.95,8424.05,8443.6,917605003,18730.52
22-Jun-17,8455.9,8496,8412.1,8423.85,1223792403,23011.76
23-Jun-17,8435.6,8438.35,8332.7,8355.1,1156427980,21396.33
27-Jun-17,8372.35,8382.15,8249.5,8285.5,1178883289,21640.09
28-Jun-17,8286.7,8303.1,8249.1,8279.7,1006721595,19517.82
29-Jun-17,8308.4,8352.95,8292.75,8301.1,1507416327,26687.59
30-Jun-17,8280.1,8343.8,8250.3,8331.6,1119483582,19537.66
03-Jul-17,8380,8423.45,8348.4,8416.4,913304302,18724.74
04-Jul-17,8442.9,8450.8,8394.8,8410.7,934759377,17860.93
05-Jul-17,8419.4,8456.4,8412.4,8451.5,971202124,18699.07
06-Jul-17,8470.25,8506.15,8463.55,8481.75,1033172312,19718.57
07-Jul-17,8480.15,8494.35,8457.25,8479.45,1103557800,19287.17
10-Jul-17,8521.15,8563.85,8465.5,8556.95,289714541,4598.79
11-Jul-17,8580,8596.95,8539.6,8544.9,1023665533,21074.05
12-Jul-17,8564.3,8591.65,8552.25,8585.5,977085771,19202.01
13-Jul-17,8620.55,8649.65,8619.2,8646.3,886921778,21273.21
14-Jul-17,8664.3,8664.3,8599.5,8640.7,916143350,19716.88
17-Jul-17,8659.7,8668,8637.45,8659.5,1082884501,19601.04
18-Jul-17,8605.4,8642.35,8579.95,8589.8,1111840331,24760.31
19-Jul-17,8617.95,8665.6,8616.15,8662.15,1123371542,23720.77
20-Jul-17,8678.05,8680.35,8634.3,8641.6,951254020,21456.51
21-Jul-17,8663.85,8678.15,8602.6,8669.75,1408935709,25670.03
24-Jul-17,8687.9,8719.45,8676.2,8702.85,1476060353,23526.68
25-Jul-17,8735.2,8735.85,8693.3,8710.6,1217117850,22712.84
26-Jul-17,8727.35,8753.4,8717.35,8748.75,1580851278,26160.13
27-Jul-17,8783.3,8817.35,8724.7,8737.1,1708642111,37267.65
28-Jul-17,8715.75,8755.95,8691.35,8747.45,1281149299,26254.23
31-Jul-17,8767.05,8799.3,8752.25,8793.3,1020999751,25756.92
01-Aug-17,8815.25,8820.75,8786.05,8812.6,835151600,23408.02
02-Aug-17,8831.5,8832.8,8765.95,8786.85,1007829622,21822.67
03-Aug-17,8788.35,8788.35,8715.05,8729.3,1217762582,25053.12
04-Aug-17,8722.7,8784.95,8705.05,8776.2,1064910788,24902.19
07-Aug-17,8789.85,8822.4,8784.15,8806.45,991041954,20909.42
08-Aug-17,8820.85,8831.05,8695.5,8726.85,1190540612,25357.64
09-Aug-17,8709.1,8711.9,8620.7,8637.15,1223891762,23258.46
10-Aug-17,8603.7,8606.9,8443.1,8497.75,1289168093,27960.51
11-Aug-17,8395.4,8487.75,8371.2,8427.7,1413559104,29046.37
14-Aug-17,8479.45,8558.7,8477.5,8541.5,1107300981,21166.17
16-Aug-17,8575,8640.5,8526.95,8635.7,1055929972,23658.79
17-Aug-17,8674.15,8685.25,8627.4,8643.3,1010278994,21929.9
18-Aug-17,8607.05,8607.05,8541.5,8594.25,966616611,26770.88
21-Aug-17,8618.5,8635.4,8497.25,8509.4,862635897,22405.54
22-Aug-17,8558.95,8575.95,8487.1,8499.3,947422208,21649.49
23-Aug-17,8536.65,8589.4,8523.05,8585,830977505,21420.15
24-Aug-17,8610.2,8622.1,8586.55,8605.75,896332983,21761.4
28-Aug-17,8646.3,8677.35,8632.75,8669.6,863492225,21444.62
29-Aug-17,8648.7,8648.9,8561.75,8571.8,914941594,21095.98
30-Aug-17,8628.45,8678.7,8625.8,8663.15,950574992,20318.16
31-Aug-17,8683.4,8700.5,8647.75,8694.95,1356536293,31035.45
01-Sep-17,8717.05,8763.3,8700.45,8755.25,1060247379,23883.32
04-Sep-17,8763.75,8765.8,8639.9,8700.35,1039898077,22089.83
05-Sep-17,8723,8754.9,8698.4,8747.2,871472817,19184.05
06-Sep-17,8703.3,8745.7,8686.95,8732.4,1021646728,22478.89
07-Sep-17,8766.2,8785.9,8747.9,8757.15,1026275782,22831.65
08-Sep-17,8785.7,8792.05,8729.95,8749.95,1040636003,22221.87
11-Sep-17,8789.3,8830.4,8782.55,8810.95,1006086791,22011.95
12-Sep-17,8854.85,8894.2,8833.75,8890.65,1045080121,23883.01
13-Sep-17,8900.75,8928.1,8853.1,8866.85,1172292947,25575.13
14-Sep-17,8894.75,8918.7,8865.9,8884.95,1003472637,24154.96
15-Sep-17,8864,8906.8,8839.25,8887.6,1226220397,28818.11
18-Sep-17,8932.9,8963.8,8931.8,8946.9,999454413,21463.34
19-Sep-17,8967.8,8970.1,8930.1,8951.75,1204891820,23563.11
20-Sep-17,8970.35,8976.75,8932.7,8938.4,1102051851,24154.92
21-Sep-17,8942,8957.55,8845.9,8911.2,1082100764,25269.92
22-Sep-17,8886.7,8887.05,8726.25,8738,1072099176,25501.76
25-Sep-17,8737.85,8738.05,8574.8,8638.3,1149350952,25165.98
26-Sep-17,8641.1,8677.5,8592.9,8654.6,945400108,22034.03
27-Sep-17,8700.35,8700.35,8502.4,8520.95,986807681,23465.33
28-Sep-17,8529.15,8571.95,8476.3,8557.1,1387103711,35007.4
29-Sep-17,8597.8,8653.5,8586.5,8600,995209534,23078.52
03-Oct-17,8689.75,8691.9,8640.8,8662.4,850197251,20241.86
04-Oct-17,8687.8,8725.85,8658.3,8706.85,848300831,19321.1
05-Oct-17,8721.75,8746.15,8699.75,8706.45,866180324,19281.99
06-Oct-17,8729.95,8793.4,8729,8787.4,1005988143,22740.21
09-Oct-17,8799.8,8824.75,8774.65,8798.3,1012519492,19622.65
10-Oct-17,8823.45,8848.6,8816.55,8836.4,1009077831,21045.91
11-Oct-17,8865.75,8886.8,8760.65,8792.4,1163303168,25703.76
12-Oct-17,8818.6,8895.7,8784.65,8890.05,956776714,23111.51
13-Oct-17,8916.65,8954.65,8913.95,8937.2,1071879544,25466.18
16-Oct-17,8974.25,9000.1,8937.65,8985.25,980766312,25033.06
17-Oct-17,8988.75,9011.1,8972.8,9002.35,950649385,23920.15
18-Oct-17,8991.65,9005.9,8957.05,8984.65,928564469,25299.06
19-Oct-17,8992.95,8994.8,8915.1,8937.65,225141929,4517.75
23-Oct-17,8961.95,8998.2,8922.75,8972.9,1021686193,24815.02
24-Oct-17,9002.7,9017.9,8973.7,8993.8,1063577888,25054.86
25-Oct-17,9089.5,9103,9017.8,9065.15,2292503631,50227.74
26-Oct-17,9067.2,9115.15,9047.4,9106.75,2042280627,48173.64
27-Oct-17,9128.85,9136.45,9094.5,9104.45,1355835315,33072.25
30-Oct-17,9137.55,9177.2,9132.15,9165.1,1191683655,28746.81
31-Oct-17,9173.95,9175.5,9130.95,9153.6,1372829081,30136.99
01-Nov-17,9203.95,9249.15,9201.05,9234.85,1464564035,33581.73
02-Nov-17,9243.3,9264.1,9217.6,9237.75,1267259167,29357.64
03-Nov-17,9272.1,9272.15,9219.7,9260.65,1413631994,29616.31
06-Nov-17,9254.3,9305.75,9242.25,9273.1,1249656789,29194.62
07-Nov-17,9303.15,9309.65,9152.65,9169.55,1451998463,34949.57
08-Nov-17,9183.9,9201.2,9097.6,9117.55,1186397653,30651.65
09-Nov-17,9169.65,9183.2,9087.2,9147.3,1130286885,29104.22
10-Nov-17,9144.75,9178.4,9100.35,9154.95,1247207133,31562.1
13-Nov-17,9163.05,9171.15,9075.8,9082.45,1330201411,26686.81
14-Nov-17,9085.7,9106.95,9042,9051.5,1216705088,29666.35
15-Nov-17,9039.85,9043.15,8949,8973.75,1219382635,26260.59
16-Nov-17,9005.1,9078.6,8993.9,9065,1221663943,23721.08
17-Nov-17,9161.8,9185.5,9125.15,9137.1,1206402749,27054.43
20-Nov-17,9143.5,9169.95,9122.35,9161.9,1061690750,23065.43
21-Nov-17,9192.05,9215.85,9166.4,9185.4,1237309899,27344.99
22-Nov-17,9210.85,9219.95,9161.75,9195.7,1129292073,24272.4
23-Nov-17,9212.35,9226.75,9164.3,9207.4,1033933438,23738.09
24-Nov-17,9226.75,9254.5,9221,9246.05,1035001531,22970.38
27-Nov-17,9228.2,9272.85,9212.95,9267.5,1059038357,22242.82
28-Nov-17,9266.3,9286.85,9234.8,9254.3,1182769487,26121.16
29-Nov-17,9265.5,9280.65,9231.65,9244.7,1019145474,22916.06
30-Nov-17,9220.35,9220.35,9143.4,9154.5,1643950428,44152.71
01-Dec-17,9191.45,9209.15,9046.7,9060.4,1037720864,23569.91
04-Dec-17,9106.7,9110.85,9023.6,9059.35,857318976,21154.85
05-Dec-17,9052.45,9074.95,8995,9056.6,882455387,21535.54
06-Dec-17,9034.85,9050.95,8981.95,8988.55,889910341,21580.34
07-Dec-17,9005.75,9114.4,9005.55,9103.05,933101820,22706.71
08-Dec-17,9136.6,9197.05,9135.4,9190.55,1248039463,26089.57
11-Dec-17,9232.25,9241.15,9205.2,9231.9,960990608,20688.28
12-Dec-17,9237.15,9237.6,9149.35,9156.5,904014636,22666.41
13-Dec-17,9155.85,9197.55,9078.8,9101.8,1063023269,22881.64
14-Dec-17,9135.25,9150.25,9043.85,9133.65,883761151,22002.27
15-Dec-17,9217.8,9242.85,9207.6,9216.75,989518565,28386.79
18-Dec-17,9162.55,9318.65,9000.4,9270.85,1128813348,28138.61
19-Dec-17,9300.85,9367.05,9297.75,9360.45,992227965,26102.29
20-Dec-17,9386.65,9398.95,9351,9363.45,1466191902,28643.77
21-Dec-17,9391.3,9399.75,9364.3,9387.75,1846250978,27409.58
22-Dec-17,9408.75,9440.2,9402.25,9431.5,1387631080,25145.69
26-Dec-17,9452,9477.4,9427.9,9470.35,1567278225,24304.22
27-Dec-17,9478.15,9493.85,9413.25,9438.25,1970967173,26701.94
28-Dec-17,9450.25,9481.1,9425.8,9435.85,2441596557,35238.84
29-Dec-17,9456.8,9496.4,9454.65,9490.65,2597015761,28913.98
01-Jan-18,9500.2,9518.9,9421.7,9434.5,2171735968,22625.76
02-Jan-18,9474.1,9487.8,9377.3,9417.85,2065375329,25787.49
03-Jan-18,9455.55,9483.35,9424.1,9439.35,1576728062,26590.52
04-Jan-18,9468.1,9511.85,9441.9,9505.75,1874416120,28786.25
05-Jan-18,9536.75,9577.3,9529.95,9573.45,2006289691,31475.27
08-Jan-18,9608.15,9645.75,9606.5,9639.25,1577796110,29971.89
09-Jan-18,9661.1,9669.45,9607.7,9640.75,1590169011,29096.27
10-Jan-18,9655.75,9658.8,9593.5,9630.6,1557613787,29338.81
11-Jan-18,9635.9,9669.3,9614.65,9650.3,1385662650,28407.94
12-Jan-18,9681.85,9689.75,9583.2,9665.2,1648586794,30735.84
15-Jan-18,9700.95,9743.65,9690.9,9699.85,1341829208,27703.28
